{"0.08": 0.0, "0.15": 0.0, "0.23": 0.0, "0.26": 0.032968, "0.27": 0.049839, "0.28": 0.037705, "0.29": 0.031685, "0.3": 0.018496, "0.31": 0.012574, "0.32": 0.051844, "0.33": 0.087104, "0.34": 0.057068, "0.35": 0.037231, "0.36": 0.070988, "0.37": 0.095661, "0.38": 0.099413, "0.39": 0.092773, "0.4": 0.026543, "0.46": 0.0, "0.54": 0.0, "0.61": 0.0, "0.64": 0.038594, "0.65": 0.086682, "0.67": 0.056738, "0.69": 0.001894, "0.77": 0.0, "0.84": 0.009516, "0.85": 0.016879, "0.86": 0.023335, "0.88": 0.021071, "0.89": 0.054666, "0.9": 0.060177, "0.91": 0.094611, "0.92": 0.099194, "0.93": 0.098152, "0.94": 0.098631, "1.0": 0.0}