{"0.02": 0.038366, "0.03": 0.036696, "0.04": 0.035108, "0.07": 0.027872, "0.09": 0.029881, "0.1": 0.031859, "0.11": 0.006447, "0.12": 0.008564, "0.13": 0.009594, "0.14": 0.009945, "0.15": 0.047948, "0.16": 0.0512, "0.17": 0.053553, "0.18": 0.055158, "0.19": 0.056452, "0.2": 0.057631, "0.21": 0.058567, "0.22": 0.058883, "0.23": 0.059058, "0.24": 0.059238, "0.25": 0.059443, "0.26": 0.032268, "0.27": 0.060143, "0.28": 0.061293, "0.29": 0.06219, "0.3": 0.063033, "0.31": 0.039459, "0.32": 0.064252, "0.33": 0.064728, "0.34": 0.064898, "0.35": 0.064698, "0.36": 0.064252, "0.37": 0.064045, "0.38": 0.063562, "0.39": 0.063126, "0.4": 0.062797, "0.41": 0.047578, "0.42": 0.060743, "0.43": 0.0487, "0.44": 0.048847, "0.45": 0.059475, "0.46": 0.059049, "0.47": 0.058365, "0.48": 0.048697, "0.49": 0.048364, "0.5": 0.048111, "0.51": 0.05553, "0.52": 0.054922, "0.53": 0.05441, "0.54": 0.047119, "0.55": 0.047009, "0.56": 0.046734, "0.57": 0.046251, "0.58": 0.053257, "0.59": 0.045185, "0.6": 0.053565, "0.61": 0.053821, "0.62": 0.053973, "0.63": 0.054361, "0.64": 0.054535, "0.65": 0.043532, "0.66": 0.055046, "0.67": 0.055371, "0.68": 0.055556, "0.69": 0.056095, "0.7": 0.056264, "0.71": 0.056545, "0.72": 0.056764, "0.73": 0.05692, "0.74": 0.056964, "0.75": 0.056911, "0.76": 0.056658, "0.77": 0.056219, "0.78": 0.055694, "0.79": 0.047242, "0.8": 0.047463, "0.81": 0.053557, "0.82": 0.053162, "0.83": 0.04813, "0.84": 0.048151, "0.85": 0.048004, "0.86": 0.047697, "0.87": 0.047314, "0.88": 0.046781, "0.89": 0.046219, "0.9": 0.045669, "0.91": 0.045015, "0.92": 0.044263, "0.93": 0.044111, "0.94": 0.042934, "0.95": 0.042311, "0.96": 0.041701, "0.97": 0.041105, "0.98": 0.040521, "0.99": 0.039949, "1.0": 0.039667}