{"0.04": 0.0165, "0.08": 0.008888, "0.11": 0.006033, "0.15": 0.004539, "0.18": 0.00362, "0.22": 0.002997, "0.25": 0.002548, "0.29": 0.002209, "0.32": 0.001943, "0.36": 0.00173, "0.39": 0.001555, "0.43": 0.001409, "0.46": 0.001285, "0.48": 0.001305, "0.49": 0.001368, "0.5": 0.001487, "0.51": 0.001544, "0.52": 0.001654, "0.53": 0.001707, "0.54": 0.001759, "0.55": 0.001857, "0.56": 0.001905, "0.57": 0.001996, "0.58": 0.002041, "0.59": 0.002126, "0.6": 0.002167, "0.61": 0.002207, "0.62": 0.002284, "0.63": 0.002321, "0.64": 0.002394, "0.65": 0.002429, "0.66": 0.002496, "0.67": 0.002529, "0.68": 0.002561, "0.69": 0.002623, "0.7": 0.002653, "0.71": 0.002712, "0.72": 0.00274, "0.73": 0.002795, "0.74": 0.002822, "0.75": 0.002848, "0.76": 0.002899, "0.77": 0.002924, "0.78": 0.002972, "0.79": 0.002996, "0.8": 0.003041, "0.81": 0.003063, "0.85": 0.002897, "0.88": 0.002744, "0.92": 0.002603, "0.95": 0.002473, "0.99": 0.002352, "1.0": 0.002306}