{"0.02": 0.018843, "0.03": 0.020332, "0.04": 0.021193, "0.05": 0.02246, "0.06": 0.024023, "0.07": 0.023488, "0.08": 0.021438, "0.09": 0.016909, "0.1": 0.016662, "0.11": 0.015562, "0.12": 0.014223, "0.13": 0.013081, "0.14": 0.012094, "0.15": 0.010972, "0.16": 0.010246, "0.17": 0.009602, "0.18": 0.009025, "0.19": 0.008507, "0.2": 0.008038, "0.21": 0.011564, "0.22": 0.01331, "0.23": 0.014913, "0.24": 0.016221, "0.25": 0.017154, "0.26": 0.017556, "0.27": 0.014773, "0.28": 0.019818, "0.29": 0.021085, "0.3": 0.022064, "0.31": 0.022916, "0.32": 0.023369, "0.33": 0.023714, "0.34": 0.023401, "0.35": 0.023239, "0.36": 0.021368, "0.37": 0.020916, "0.38": 0.020221, "0.39": 0.019562, "0.4": 0.018936, "0.41": 0.021323, "0.42": 0.022079, "0.43": 0.022803, "0.44": 0.023268, "0.45": 0.024216, "0.46": 0.024695, "0.47": 0.025157, "0.48": 0.025546, "0.49": 0.025727, "0.5": 0.025721, "0.51": 0.025624, "0.52": 0.025807, "0.53": 0.026428, "0.54": 0.02707, "0.55": 0.027888, "0.56": 0.028476, "0.57": 0.029043, "0.58": 0.02959, "0.59": 0.030117, "0.6": 0.030627, "0.61": 0.030867, "0.62": 0.03073, "0.63": 0.030438, "0.64": 0.028904, "0.65": 0.028529, "0.66": 0.027905, "0.67": 0.027264, "0.68": 0.026643, "0.69": 0.026041, "0.7": 0.025457, "0.71": 0.02489, "0.72": 0.02434, "0.73": 0.023806, "0.74": 0.023288, "0.75": 0.022619, "0.76": 0.022134, "0.77": 0.021662, "0.78": 0.021204, "0.79": 0.020758, "0.8": 0.020324, "0.81": 0.019901, "0.82": 0.01949, "0.83": 0.01909, "0.84": 0.0187, "0.85": 0.018195, "0.86": 0.017828, "0.87": 0.017471, "0.88": 0.017122, "0.89": 0.016782, "0.9": 0.01645, "0.91": 0.016127, "0.92": 0.015811, "0.93": 0.015503, "0.94": 0.015203, "0.95": 0.014813, "0.96": 0.014528, "0.97": 0.014251, "0.98": 0.01398, "0.99": 0.013715, "1.0": 0.013542}