{"0.04": 6.8e-05, "0.07": 0.0, "0.11": 0.0, "0.14": 0.0, "0.18": 0.0, "0.21": 0.0, "0.25": 0.0, "0.27": 0.036778, "0.28": 0.021759, "0.31": 0.009843, "0.32": 0.04757, "0.33": 0.048481, "0.34": 0.047532, "0.35": 0.026109, "0.36": 0.037323, "0.37": 0.030759, "0.38": 0.039119, "0.39": 0.023002, "0.4": 0.021631, "0.41": 0.030745, "0.42": 0.00686, "0.43": 0.026631, "0.44": 0.055499, "0.45": 0.017027, "0.46": 0.025427, "0.49": 0.000381, "0.53": 3e-06, "0.56": 0.0, "0.6": 0.0, "0.63": 0.0, "0.67": 0.0, "0.7": 0.0, "0.74": 0.0, "0.77": 0.0, "0.81": 0.0, "0.84": 0.0, "0.88": 0.0, "0.91": 0.0, "0.95": 0.0, "0.98": 0.0, "1.0": 0.0}