{"0.11": 0.004585, "0.12": 0.004305, "0.13": 0.003832, "0.14": 0.003631, "0.15": 0.003284, "0.16": 0.003134, "0.17": 0.002868, "0.18": 0.002751, "0.19": 0.002642, "0.2": 0.002447, "0.21": 0.00236, "0.22": 0.002201, "0.23": 0.002129, "0.24": 0.001997, "0.25": 0.001936, "0.26": 0.001879, "0.27": 0.001774, "0.28": 0.01281, "0.29": 0.013847, "0.3": 0.015512, "0.31": 0.017025, "0.32": 0.004092, "0.33": 0.018424, "0.34": 0.019948, "0.35": 0.006902, "0.36": 0.021796, "0.37": 0.022548, "0.38": 0.010753, "0.39": 0.024106, "0.4": 0.012057, "0.41": 0.025176, "0.42": 0.025374, "0.43": 0.025463, "0.44": 0.015676, "0.45": 0.024996, "0.46": 0.024729, "0.47": 0.017959, "0.48": 0.018827, "0.49": 0.019236, "0.5": 0.019858, "0.51": 0.020075, "0.52": 0.020264, "0.53": 0.020242, "0.54": 0.020146, "0.55": 0.019889, "0.56": 0.019658, "0.57": 0.019077, "0.58": 0.018797, "0.59": 0.018256, "0.6": 0.017996, "0.61": 0.017741, "0.62": 0.01725, "0.63": 0.017013, "0.64": 0.016553, "0.65": 0.016331, "0.66": 0.015902, "0.67": 0.015694, "0.68": 0.01549, "0.69": 0.015095, "0.7": 0.014904, "0.71": 0.014533, "0.72": 0.014353, "0.73": 0.014003, "0.74": 0.013833, "0.75": 0.013667, "0.76": 0.013343, "0.77": 0.013186, "0.78": 0.01288, "0.79": 0.012731, "0.8": 0.012441, "0.81": 0.0123, "0.82": 0.012162, "0.83": 0.011892, "0.84": 0.01176, "0.85": 0.011504, "0.86": 0.011379, "0.87": 0.011136, "0.88": 0.011017, "0.89": 0.0109, "0.9": 0.010672, "0.91": 0.01056, "0.92": 0.010343, "0.93": 0.010237, "0.94": 0.010029, "0.95": 0.009928, "0.96": 0.009828, "0.97": 0.009633, "0.98": 0.009537, "0.99": 0.009351, "1.0": 0.009259}