{"0.09": 0.00028, "0.1": 0.000255, "0.11": 0.000227, "0.12": 0.000209, "0.13": 0.00019, "0.14": 0.000177, "0.15": 0.000162, "0.16": 0.000152, "0.17": 0.000141, "0.18": 0.000133, "0.19": 0.000124, "0.2": 0.000118, "0.21": 0.00011, "0.22": 0.000105, "0.23": 9.9e-05, "0.24": 9.5e-05, "0.25": 9.1e-05, "0.26": 8.6e-05, "0.27": 8.3e-05, "0.28": 7.8e-05, "0.29": 7.6e-05, "0.3": 7.2e-05, "0.31": 6.9e-05, "0.32": 6.6e-05, "0.33": 6.4e-05, "0.34": 6.1e-05, "0.35": 5.9e-05, "0.36": 5.7e-05, "0.37": 5.5e-05, "0.38": 5.3e-05, "0.39": 5.1e-05, "0.4": 4.9e-05, "0.41": 4.8e-05, "0.42": 0.0029, "0.43": 0.000461, "0.44": 0.0008, "0.45": 0.001038, "0.46": 0.001335, "0.47": 0.001544, "0.48": 0.001804, "0.49": 0.001987, "0.5": 0.002216, "0.51": 0.002196, "0.52": 0.002124, "0.53": 0.002071, "0.54": 0.002004, "0.55": 0.001956, "0.56": 0.001894, "0.57": 0.00185, "0.58": 0.001793, "0.59": 0.001751, "0.6": 0.001698, "0.61": 0.001659, "0.62": 0.00161, "0.63": 0.001574, "0.64": 0.001528, "0.65": 0.001495, "0.66": 0.001451, "0.67": 0.00142, "0.68": 0.00138, "0.69": 0.001351, "0.7": 0.001313, "0.71": 0.001285, "0.72": 0.00125, "0.73": 0.001224, "0.74": 0.001191, "0.75": 0.001167, "0.76": 0.001143, "0.77": 0.001112, "0.78": 0.00109, "0.79": 0.001061, "0.8": 0.00104, "0.81": 0.001013, "0.82": 0.000993, "0.83": 0.000968, "0.84": 0.000949, "0.85": 0.000925, "0.86": 0.000907, "0.87": 0.000884, "0.88": 0.000867, "0.89": 0.000846, "0.9": 0.00083, "0.91": 0.000809, "0.92": 0.000794, "0.93": 0.000775, "0.94": 0.00076, "0.95": 0.000742, "0.96": 0.000728, "0.97": 0.00071, "0.98": 0.000698, "0.99": 0.000681, "1.0": 0.000673}