{"0.02": 0.030316, "0.03": 0.026894, "0.04": 0.025195, "0.06": 0.009492, "0.07": 0.019087, "0.08": 0.011096, "0.09": 0.017752, "0.1": 0.016628, "0.11": 0.011672, "0.12": 0.011711, "0.13": 0.011541, "0.14": 0.011027, "0.15": 0.01024, "0.16": 0.009551, "0.17": 0.008943, "0.18": 0.008403, "0.19": 0.007919, "0.2": 0.007485, "0.21": 0.007092, "0.22": 0.006734, "0.23": 0.006408, "0.24": 0.006109, "0.25": 0.005969, "0.26": 0.005705, "0.27": 0.005461, "0.28": 0.009109, "0.29": 0.01017, "0.3": 0.011166, "0.31": 0.006967, "0.32": 0.013255, "0.33": 0.014512, "0.34": 0.015604, "0.35": 0.016634, "0.36": 0.017519, "0.37": 0.017816, "0.38": 0.01825, "0.39": 0.018228, "0.4": 0.018101, "0.41": 0.015827, "0.42": 0.016073, "0.43": 0.016094, "0.44": 0.015843, "0.45": 0.015404, "0.46": 0.014985, "0.47": 0.014584, "0.48": 0.0142, "0.49": 0.013832, "0.5": 0.013654, "0.51": 0.013309, "0.52": 0.012977, "0.53": 0.012659, "0.54": 0.012353, "0.55": 0.012058, "0.56": 0.011775, "0.57": 0.011501, "0.58": 0.011238, "0.59": 0.010984, "0.6": 0.010739, "0.61": 0.010502, "0.62": 0.010273, "0.63": 0.010052, "0.64": 0.011775, "0.65": 0.009995, "0.66": 0.012178, "0.67": 0.012186, "0.68": 0.012163, "0.69": 0.011005, "0.7": 0.011172, "0.71": 0.011189, "0.72": 0.011111, "0.73": 0.010895, "0.74": 0.010686, "0.75": 0.010584, "0.76": 0.010383, "0.77": 0.010188, "0.78": 0.009999, "0.79": 0.009814, "0.8": 0.009635, "0.81": 0.00946, "0.82": 0.00929, "0.83": 0.009124, "0.84": 0.008962, "0.85": 0.008805, "0.86": 0.008651, "0.87": 0.008501, "0.88": 0.008355, "0.89": 0.008213, "0.9": 0.008073, "0.91": 0.007938, "0.92": 0.007805, "0.93": 0.008091, "0.94": 0.007672, "0.95": 0.007626, "0.96": 0.007581, "0.97": 0.007537, "0.98": 0.007454, "0.99": 0.007335, "1.0": 0.007276}