{"0.08": 0.006755, "0.09": 0.012643, "0.1": 0.006363, "0.11": 0.014013, "0.12": 0.006705, "0.13": 0.007042, "0.14": 0.007182, "0.15": 0.014564, "0.16": 0.014375, "0.17": 0.008942, "0.18": 0.00961, "0.19": 0.009808, "0.2": 0.009989, "0.21": 0.010308, "0.22": 0.010283, "0.23": 0.009766, "0.24": 0.009455, "0.25": 0.009161, "0.26": 0.008621, "0.27": 0.008373, "0.28": 0.007913, "0.29": 0.0077, "0.3": 0.007304, "0.31": 0.00712, "0.32": 0.006943, "0.33": 0.006614, "0.34": 0.006459, "0.35": 0.006168, "0.36": 0.006032, "0.37": 0.0059, "0.38": 0.005652, "0.39": 0.005535, "0.4": 0.005313, "0.41": 0.005208, "0.42": 0.005106, "0.43": 0.004913, "0.44": 0.004821, "0.45": 0.004646, "0.46": 0.004562, "0.47": 0.004481, "0.48": 0.004326, "0.49": 0.004252, "0.5": 0.004111, "0.51": 0.004043, "0.52": 0.003913, "0.53": 0.003851, "0.54": 0.00379, "0.55": 0.003673, "0.56": 0.003617, "0.57": 0.003509, "0.58": 0.003457, "0.59": 0.003406, "0.6": 0.003308, "0.61": 0.003261, "0.62": 0.00317, "0.63": 0.003126, "0.64": 0.003083, "0.65": 0.003, "0.66": 0.002959, "0.67": 0.002881, "0.68": 0.002844, "0.69": 0.002807, "0.7": 0.002735, "0.71": 0.002701, "0.72": 0.002633, "0.73": 0.002601, "0.74": 0.002537, "0.75": 0.002507, "0.76": 0.002476, "0.77": 0.002418, "0.78": 0.002389, "0.79": 0.002334, "0.8": 0.002307, "0.81": 0.00228, "0.82": 0.002229, "0.83": 0.002204, "0.84": 0.002155, "0.85": 0.002131, "0.86": 0.002108, "0.87": 0.002062, "0.88": 0.00204, "0.89": 0.001996, "0.9": 0.001975, "0.91": 0.001934, "0.92": 0.001914, "0.93": 0.001894, "0.94": 0.001855, "0.95": 0.001836, "0.96": 0.001799, "0.97": 0.001781, "0.98": 0.001763, "0.99": 0.001728, "1.0": 0.001711}