{"0.01": 0.012389, "0.02": 0.048096, "0.03": 0.03959, "0.04": 0.064605, "0.05": 0.066428, "0.06": 0.073287, "0.07": 0.057689, "0.08": 0.061616, "0.09": 0.022037, "0.1": 0.05159, "0.11": 0.067331, "0.12": 0.06514, "0.13": 0.049951, "0.14": 0.070443, "0.15": 0.066574, "0.16": 0.053969, "0.17": 0.039256, "0.18": 0.022674, "0.19": 0.0323, "0.2": 0.032172, "0.21": 0.008768, "0.22": 0.003226, "0.23": 0.000437, "0.24": 0.000161, "0.25": 5.9e-05, "0.26": 8e-06, "0.27": 3e-06, "0.28": 0.0, "0.29": 0.0, "0.3": 0.0, "0.31": 0.0, "0.32": 0.0, "0.33": 0.0, "0.34": 0.0, "0.35": 0.0, "0.36": 0.0, "0.37": 0.0, "0.38": 0.0, "0.39": 0.0, "0.4": 0.0, "0.41": 0.0, "0.42": 0.0, "0.43": 0.0, "0.44": 0.009516, "0.45": 0.002123, "0.46": 0.000781, "0.47": 0.016779, "0.48": 0.003065, "0.49": 0.001128, "0.5": 0.000153, "0.51": 5.6e-05, "0.52": 2.1e-05, "0.53": 3e-06, "0.54": 1e-06, "0.55": 0.0, "0.56": 0.0, "0.57": 0.0, "0.58": 0.0, "0.59": 0.009516, "0.6": 0.001288, "0.61": 0.000474, "0.62": 6.4e-05, "0.63": 2.4e-05, "0.64": 9e-06, "0.65": 1e-06, "0.66": 0.0, "0.67": 0.0, "0.68": 0.0, "0.69": 0.0, "0.7": 0.0, "0.71": 0.0, "0.72": 0.0, "0.73": 0.0, "0.74": 0.0, "0.75": 0.0, "0.76": 0.0, "0.77": 0.0, "0.78": 0.0, "0.79": 0.0, "0.8": 0.0, "0.81": 0.0, "0.82": 0.0, "0.83": 0.0, "0.84": 0.0, "0.85": 0.0, "0.86": 0.0, "0.87": 0.0, "0.88": 0.0, "0.89": 0.0, "0.9": 0.0, "0.91": 0.0, "0.92": 0.0, "0.93": 0.0, "0.94": 0.0, "0.95": 0.0, "0.96": 0.0, "0.97": 0.0, "0.98": 0.0, "0.99": 0.0, "1.0": 0.0}