{"0.08": 0.006755, "0.09": 0.013088, "0.1": 0.006363, "0.11": 0.015668, "0.12": 0.006705, "0.13": 0.007042, "0.14": 0.017977, "0.15": 0.018598, "0.16": 0.018976, "0.17": 0.010023, "0.18": 0.018097, "0.19": 0.011727, "0.2": 0.017291, "0.21": 0.01342, "0.22": 0.013627, "0.23": 0.013528, "0.24": 0.013405, "0.25": 0.013287, "0.26": 0.012786, "0.27": 0.012418, "0.28": 0.011736, "0.29": 0.01142, "0.3": 0.010833, "0.31": 0.010559, "0.32": 0.010298, "0.33": 0.009809, "0.34": 0.009579, "0.35": 0.009149, "0.36": 0.008946, "0.37": 0.008751, "0.38": 0.008383, "0.39": 0.008209, "0.4": 0.009713, "0.41": 0.007921, "0.42": 0.007863, "0.43": 0.007751, "0.44": 0.011086, "0.45": 0.011348, "0.46": 0.011853, "0.47": 0.012186, "0.48": 0.012557, "0.49": 0.009278, "0.5": 0.009779, "0.51": 0.013405, "0.52": 0.013788, "0.53": 0.010785, "0.54": 0.010924, "0.55": 0.014268, "0.56": 0.011544, "0.57": 0.011925, "0.58": 0.014097, "0.59": 0.014037, "0.6": 0.0125, "0.61": 0.012599, "0.62": 0.012586, "0.63": 0.012545, "0.64": 0.012505, "0.65": 0.012362, "0.66": 0.012196, "0.67": 0.011875, "0.68": 0.011719, "0.69": 0.014592, "0.7": 0.015517, "0.71": 0.015966, "0.72": 0.016771, "0.73": 0.017066, "0.74": 0.017449, "0.75": 0.017606, "0.76": 0.017761, "0.77": 0.018065, "0.78": 0.01516, "0.79": 0.015654, "0.8": 0.015809, "0.81": 0.019136, "0.82": 0.019855, "0.83": 0.020146, "0.84": 0.020714, "0.85": 0.020991, "0.86": 0.021264, "0.87": 0.021684, "0.88": 0.02189, "0.89": 0.022293, "0.9": 0.022487, "0.91": 0.022705, "0.92": 0.019664, "0.93": 0.022759, "0.94": 0.022656, "0.95": 0.022475, "0.96": 0.020778, "0.97": 0.020862, "0.98": 0.020896, "0.99": 0.021255, "1.0": 0.021045}