{"0.0": 0.051373, "0.01": 0.06929, "0.02": 0.093148, "0.03": 0.070166, "0.04": 0.092684, "0.05": 0.092424, "0.06": 0.098132, "0.07": 0.075292, "0.08": 0.070676, "0.09": 0.072442, "0.1": 0.092313, "0.11": 0.098104, "0.12": 0.099533, "0.13": 0.088768, "0.14": 0.086921, "0.15": 0.094181, "0.16": 0.082754, "0.17": 0.068961, "0.18": 0.084555, "0.19": 0.078824, "0.2": 0.082627, "0.21": 0.022519, "0.22": 0.049048, "0.23": 0.087435, "0.24": 0.096902, "0.25": 0.099236, "0.26": 0.084998, "0.27": 0.096301, "0.28": 0.086937, "0.29": 0.096779, "0.3": 0.096114, "0.31": 0.067438, "0.32": 0.03696, "0.33": 0.025037, "0.34": 0.068922, "0.35": 0.084567, "0.36": 0.02177, "0.37": 0.07069, "0.38": 0.092772, "0.39": 0.090774, "0.4": 0.028061, "0.41": 0.04511, "0.42": 0.086464, "0.43": 0.093796, "0.44": 0.064159, "0.45": 0.061262, "0.46": 0.068144, "0.47": 0.078808, "0.48": 0.077937, "0.49": 0.084865, "0.5": 0.077891, "0.51": 0.079285, "0.52": 0.058148, "0.53": 0.070414, "0.54": 0.092704, "0.55": 0.062409, "0.56": 0.055482, "0.57": 0.082353, "0.58": 0.091372, "0.59": 0.084309, "0.6": 0.070094, "0.61": 0.072022, "0.62": 0.047564, "0.63": 0.048119, "0.64": 0.061136, "0.65": 0.010106, "0.66": 0.040109, "0.67": 0.0535, "0.68": 0.072813, "0.69": 0.093296, "0.7": 0.079794, "0.71": 0.085101, "0.72": 0.096326, "0.73": 0.099094, "0.74": 0.087626, "0.75": 0.096949, "0.76": 0.099248, "0.77": 0.099814, "0.78": 0.099954, "0.79": 0.099989, "0.8": 0.099997, "0.81": 0.099999, "0.82": 0.1, "0.83": 0.1, "0.84": 0.1, "0.85": 0.1, "0.86": 0.1, "0.87": 0.1, "0.88": 0.1, "0.89": 0.1, "0.9": 0.1, "0.91": 0.083598, "0.92": 0.095955, "0.93": 0.099003, "0.94": 0.099754, "0.95": 0.099939, "0.96": 0.099985, "0.97": 0.099996, "0.98": 0.099999, "0.99": 0.1, "1.0": 0.090052}