{"0.09": 0.027406, "0.11": 0.02598, "0.15": 0.023566, "0.16": 0.022553, "0.17": 0.006637, "0.18": 0.008069, "0.19": 0.008698, "0.2": 0.009278, "0.21": 0.010308, "0.22": 0.010767, "0.23": 0.011295, "0.24": 0.011531, "0.25": 0.011751, "0.26": 0.01188, "0.27": 0.011937, "0.28": 0.012036, "0.29": 0.011958, "0.3": 0.011459, "0.31": 0.01117, "0.32": 0.010893, "0.33": 0.010376, "0.34": 0.010133, "0.35": 0.009677, "0.36": 0.009463, "0.37": 0.009257, "0.38": 0.008868, "0.39": 0.008684, "0.4": 0.008335, "0.41": 0.00817, "0.42": 0.008011, "0.43": 0.007707, "0.44": 0.007563, "0.45": 0.007288, "0.46": 0.007157, "0.47": 0.00703, "0.48": 0.006788, "0.49": 0.006672, "0.5": 0.00645, "0.51": 0.006343, "0.52": 0.006139, "0.53": 0.006041, "0.54": 0.005946, "0.55": 0.005763, "0.56": 0.005675, "0.57": 0.005505, "0.58": 0.005423, "0.59": 0.005344, "0.6": 0.00519, "0.61": 0.005116, "0.62": 0.004973, "0.63": 0.004904, "0.64": 0.004837, "0.65": 0.004706, "0.66": 0.004643, "0.67": 0.004521, "0.68": 0.004462, "0.69": 0.004404, "0.7": 0.004291, "0.71": 0.004237, "0.72": 0.004132, "0.73": 0.00408, "0.74": 0.003981, "0.75": 0.003933, "0.76": 0.003885, "0.77": 0.003793, "0.78": 0.003749, "0.79": 0.003662, "0.8": 0.003619, "0.81": 0.003578, "0.82": 0.003497, "0.83": 0.003457, "0.84": 0.003381, "0.85": 0.003343, "0.86": 0.003307, "0.87": 0.003235, "0.88": 0.0032, "0.89": 0.003132, "0.9": 0.003099, "0.91": 0.003034, "0.92": 0.003002, "0.93": 0.002971, "0.94": 0.00291, "0.95": 0.00288, "0.96": 0.002822, "0.97": 0.002794, "0.98": 0.002766, "0.99": 0.002711, "1.0": 0.002685}