{"0.02": 0.034307, "0.03": 0.033103, "0.04": 0.032036, "0.07": 0.023957, "0.08": 0.006138, "0.09": 0.021732, "0.1": 0.020171, "0.11": 0.011212, "0.12": 0.011501, "0.13": 0.011734, "0.14": 0.011923, "0.15": 0.011745, "0.16": 0.011428, "0.17": 0.010848, "0.18": 0.010193, "0.19": 0.009607, "0.2": 0.00908, "0.21": 0.008603, "0.22": 0.008169, "0.23": 0.007774, "0.24": 0.007411, "0.25": 0.007241, "0.26": 0.006921, "0.27": 0.006625, "0.28": 0.015021, "0.29": 0.016906, "0.3": 0.018668, "0.31": 0.007957, "0.32": 0.021755, "0.33": 0.023561, "0.34": 0.02498, "0.35": 0.025958, "0.36": 0.026533, "0.37": 0.026681, "0.38": 0.026693, "0.39": 0.026408, "0.4": 0.026155, "0.41": 0.020628, "0.42": 0.021353, "0.43": 0.021764, "0.44": 0.021885, "0.45": 0.021865, "0.46": 0.021588, "0.47": 0.021072, "0.48": 0.020518, "0.49": 0.019987, "0.5": 0.019729, "0.51": 0.01923, "0.52": 0.018752, "0.53": 0.018291, "0.54": 0.017849, "0.55": 0.017423, "0.56": 0.017014, "0.57": 0.016619, "0.58": 0.016238, "0.59": 0.015871, "0.6": 0.015517, "0.61": 0.015174, "0.62": 0.014844, "0.63": 0.014524, "0.64": 0.017778, "0.65": 0.01428, "0.66": 0.017933, "0.67": 0.017822, "0.68": 0.017742, "0.69": 0.015093, "0.7": 0.015367, "0.71": 0.01558, "0.72": 0.015647, "0.73": 0.015662, "0.74": 0.015542, "0.75": 0.015437, "0.76": 0.015145, "0.77": 0.014861, "0.78": 0.014584, "0.79": 0.014315, "0.8": 0.014053, "0.81": 0.013798, "0.82": 0.01355, "0.83": 0.013308, "0.84": 0.013072, "0.85": 0.012842, "0.86": 0.012618, "0.87": 0.0124, "0.88": 0.012187, "0.89": 0.011979, "0.9": 0.011776, "0.91": 0.011578, "0.92": 0.011384, "0.93": 0.011778, "0.94": 0.011134, "0.95": 0.011032, "0.96": 0.010931, "0.97": 0.010832, "0.98": 0.010735, "0.99": 0.010639, "1.0": 0.010591}