{"0.0": 0.100379, "0.01": 0.100032, "0.02": 0.100005, "0.03": 0.100001, "0.04": 0.1, "0.05": 0.1, "0.06": 0.1, "0.07": 0.1, "0.08": 0.1, "0.09": 0.1, "0.1": 0.1, "0.11": 0.1, "0.12": 0.1, "0.13": 0.044933, "0.14": 0.006081, "0.15": 0.000823, "0.16": 0.000111, "0.17": 1.5e-05, "0.18": 2e-06, "0.19": 0.0, "0.2": 0.0, "0.21": 0.0, "0.22": 0.0, "0.23": 0.0, "0.24": 0.0, "0.25": 0.0, "0.26": 0.059343, "0.27": 0.093919, "0.28": 0.099177, "0.29": 0.099889, "0.3": 0.099983, "0.31": 0.099998, "0.32": 0.1, "0.33": 0.1, "0.34": 0.1, "0.35": 0.1, "0.36": 0.1, "0.37": 0.1, "0.38": 0.1, "0.39": 0.1, "0.4": 0.090484, "0.41": 0.012246, "0.42": 0.001657, "0.43": 0.000224, "0.44": 3e-05, "0.45": 4e-06, "0.46": 1e-06, "0.47": 0.0, "0.48": 0.0, "0.49": 0.0, "0.5": 0.0, "0.51": 0.0, "0.52": 0.0, "0.53": 0.0, "0.54": 0.0, "0.55": 0.005772, "0.56": 0.03647, "0.57": 0.006662, "0.58": 0.000902, "0.59": 0.020256, "0.6": 0.00409, "0.61": 0.020967, "0.62": 0.040101, "0.63": 0.074116, "0.64": 0.096497, "0.65": 0.099476, "0.66": 0.099929, "0.67": 0.099989, "0.68": 0.016528, "0.69": 0.002237, "0.7": 0.002649, "0.71": 0.001782, "0.72": 0.000241, "0.73": 8.9e-05, "0.74": 1.2e-05, "0.75": 2e-06, "0.76": 0.0, "0.77": 0.0, "0.78": 0.009516, "0.79": 0.002593, "0.8": 0.000351, "0.81": 4.8e-05, "0.82": 6e-06, "0.83": 0.050342, "0.84": 0.090283, "0.85": 0.086005, "0.86": 0.044566, "0.87": 0.059906, "0.88": 0.089454, "0.89": 0.098573, "0.9": 0.099787, "0.91": 0.099971, "0.92": 0.099996, "0.93": 0.099999, "0.94": 0.069814, "0.95": 0.012949, "0.96": 0.008131, "0.97": 0.012538, "0.98": 0.07352, "0.99": 0.096416, "1.0": 0.098682}