{"0.04": 0.01254, "0.05": 0.010722, "0.06": 0.008297, "0.07": 0.007449, "0.08": 0.006176, "0.09": 0.005687, "0.1": 0.004904, "0.11": 0.004585, "0.12": 0.004305, "0.13": 0.003832, "0.14": 0.003631, "0.15": 0.003284, "0.16": 0.003134, "0.17": 0.002868, "0.18": 0.002751, "0.19": 0.002642, "0.2": 0.002447, "0.21": 0.00236, "0.22": 0.002201, "0.23": 0.002129, "0.24": 0.001997, "0.25": 0.001936, "0.26": 0.001879, "0.27": 0.001774, "0.28": 0.002967, "0.29": 0.003429, "0.3": 0.004159, "0.31": 0.004947, "0.32": 0.003738, "0.33": 0.005549, "0.34": 0.005984, "0.35": 0.005064, "0.36": 0.006359, "0.37": 0.006546, "0.38": 0.005863, "0.39": 0.006865, "0.4": 0.006123, "0.41": 0.007737, "0.42": 0.007975, "0.43": 0.008428, "0.44": 0.007444, "0.45": 0.008874, "0.46": 0.008894, "0.47": 0.008217, "0.48": 0.008356, "0.49": 0.008298, "0.5": 0.008025, "0.51": 0.007894, "0.52": 0.007643, "0.53": 0.007522, "0.54": 0.007405, "0.55": 0.007179, "0.56": 0.00707, "0.57": 0.006861, "0.58": 0.006761, "0.59": 0.006566, "0.6": 0.006473, "0.61": 0.006381, "0.62": 0.006204, "0.63": 0.006119, "0.64": 0.005954, "0.65": 0.005874, "0.66": 0.005719, "0.67": 0.005644, "0.68": 0.005571, "0.69": 0.005429, "0.7": 0.00536, "0.71": 0.005227, "0.72": 0.005162, "0.73": 0.005036, "0.74": 0.004975, "0.75": 0.004915, "0.76": 0.004799, "0.77": 0.004742, "0.78": 0.004632, "0.79": 0.004579, "0.8": 0.004475, "0.81": 0.004424, "0.82": 0.004374, "0.83": 0.004277, "0.84": 0.00423, "0.85": 0.004138, "0.86": 0.004093, "0.87": 0.004005, "0.88": 0.003962, "0.89": 0.00392, "0.9": 0.003838, "0.91": 0.003798, "0.92": 0.00372, "0.93": 0.003682, "0.94": 0.003607, "0.95": 0.003571, "0.96": 0.003535, "0.97": 0.003465, "0.98": 0.00343, "0.99": 0.003363, "1.0": 0.00333}