{"0.08": 0.004585, "0.09": 0.004055, "0.1": 0.003631, "0.11": 0.003284, "0.12": 0.002995, "0.13": 0.002751, "0.14": 0.002541, "0.15": 0.00236, "0.16": 0.002201, "0.17": 0.002061, "0.18": 0.001936, "0.19": 0.003987, "0.2": 0.002134, "0.21": 0.00228, "0.22": 0.00241, "0.23": 0.002526, "0.24": 0.002631, "0.25": 0.002679, "0.26": 0.002768, "0.27": 0.002749, "0.28": 0.011306, "0.29": 0.01334, "0.3": 0.01524, "0.31": 0.004659, "0.32": 0.018579, "0.33": 0.020498, "0.34": 0.022025, "0.35": 0.023103, "0.36": 0.023774, "0.37": 0.023967, "0.38": 0.024108, "0.39": 0.024153, "0.4": 0.02418, "0.41": 0.018273, "0.42": 0.019067, "0.43": 0.019543, "0.44": 0.019727, "0.45": 0.024507, "0.46": 0.024817, "0.47": 0.024911, "0.48": 0.020197, "0.49": 0.020304, "0.5": 0.020353, "0.51": 0.020444, "0.52": 0.024056, "0.53": 0.023902, "0.54": 0.021043, "0.55": 0.020947, "0.56": 0.020796, "0.57": 0.020647, "0.58": 0.02417, "0.59": 0.020523, "0.6": 0.024932, "0.61": 0.025286, "0.62": 0.025457, "0.63": 0.025675, "0.64": 0.025614, "0.65": 0.021073, "0.66": 0.025182, "0.67": 0.02179, "0.68": 0.024412, "0.69": 0.022308, "0.7": 0.022383, "0.71": 0.022269, "0.72": 0.022019, "0.73": 0.021729, "0.74": 0.021402, "0.75": 0.021241, "0.76": 0.020839, "0.77": 0.020448, "0.78": 0.020067, "0.79": 0.019697, "0.8": 0.019337, "0.81": 0.018986, "0.82": 0.018644, "0.83": 0.018311, "0.84": 0.017987, "0.85": 0.017671, "0.86": 0.017362, "0.87": 0.017062, "0.88": 0.016769, "0.89": 0.016483, "0.9": 0.016203, "0.91": 0.015931, "0.92": 0.015664, "0.93": 0.015987, "0.94": 0.015273, "0.95": 0.015103, "0.96": 0.014937, "0.97": 0.014773, "0.98": 0.014612, "0.99": 0.014454, "1.0": 0.014376}