{"0.05": 0.0, "0.1": 0.0, "0.15": 0.0, "0.18": 0.009516, "0.19": 0.02025, "0.2": 0.001837, "0.26": 0.059343, "0.27": 0.093919, "0.28": 0.099177, "0.29": 0.099889, "0.3": 0.099983, "0.31": 0.099998, "0.32": 0.083123, "0.33": 0.091337, "0.34": 0.082874, "0.35": 0.073516, "0.36": 0.082555, "0.37": 0.097391, "0.38": 0.099647, "0.39": 0.099952, "0.4": 0.09999, "0.41": 0.033284, "0.42": 0.076697, "0.43": 0.096515, "0.44": 0.099528, "0.45": 0.099929, "0.46": 0.09999, "0.47": 0.099996, "0.48": 0.047637, "0.49": 0.090567, "0.5": 0.076675, "0.51": 0.091999, "0.52": 0.098803, "0.53": 0.076281, "0.55": 0.08598, "0.56": 0.098103, "0.57": 0.099743, "0.58": 0.099962, "0.59": 0.099995, "0.6": 0.080799, "0.61": 0.086154, "0.62": 0.095095, "0.63": 0.082504, "0.64": 0.097632, "0.65": 0.099609, "0.66": 0.014898, "0.67": 0.051216, "0.71": 1.9e-05, "0.77": 0.0, "0.82": 0.0, "0.83": 0.050341, "0.84": 0.093279, "0.85": 0.098995, "0.86": 0.099864, "0.87": 0.09998, "0.88": 0.099997, "0.89": 0.1, "0.9": 0.1, "0.91": 0.1, "0.92": 0.1, "0.93": 0.1, "0.94": 0.1, "0.95": 0.1, "0.96": 0.1, "0.97": 0.1, "0.98": 0.1, "0.99": 0.1, "1.0": 0.1}