{"0.01": 0.012389, "0.03": 0.010738, "0.04": 0.04879, "0.05": 0.056899, "0.06": 0.066885, "0.07": 0.038271, "0.08": 0.026712, "0.09": 0.022187, "0.1": 0.030383, "0.11": 0.053556, "0.12": 0.040732, "0.13": 0.034166, "0.14": 0.052767, "0.15": 0.064757, "0.16": 0.036777, "0.17": 0.029425, "0.2": 0.022622, "0.21": 0.006165, "0.28": 0.0, "0.36": 0.0, "0.43": 0.0, "0.5": 0.0, "0.57": 0.0, "0.64": 0.0, "0.71": 0.0, "0.78": 0.0, "0.85": 0.0, "0.92": 0.0, "0.99": 0.0, "1.0": 0.0}