{"0.07": 0.006176, "0.08": 0.005687, "0.09": 0.004904, "0.1": 0.004305, "0.11": 0.004055, "0.12": 0.003631, "0.13": 0.01511, "0.14": 0.018389, "0.15": 0.021143, "0.16": 0.022361, "0.17": 0.024536, "0.18": 0.025511, "0.19": 0.027271, "0.2": 0.028818, "0.21": 0.029522, "0.22": 0.030814, "0.23": 0.03197, "0.24": 0.032503, "0.25": 0.033492, "0.26": 0.03395, "0.27": 0.034805, "0.28": 0.035585, "0.29": 0.03595, "0.3": 0.036635, "0.31": 0.037266, "0.32": 0.037564, "0.33": 0.038125, "0.34": 0.03839, "0.35": 0.038893, "0.36": 0.039361, "0.37": 0.039583, "0.38": 0.040006, "0.39": 0.040208, "0.4": 0.040312, "0.41": 0.040049, "0.42": 0.039792, "0.43": 0.039042, "0.44": 0.038557, "0.45": 0.035065, "0.46": 0.034951, "0.47": 0.034781, "0.48": 0.034228, "0.49": 0.033411, "0.5": 0.032911, "0.51": 0.031947, "0.52": 0.031028, "0.53": 0.030586, "0.54": 0.029731, "0.55": 0.029318, "0.56": 0.02852, "0.57": 0.027757, "0.58": 0.027388, "0.59": 0.026673, "0.6": 0.025988, "0.61": 0.025656, "0.62": 0.025012, "0.63": 0.0247, "0.64": 0.024093, "0.65": 0.023511, "0.66": 0.025549, "0.67": 0.02597, "0.68": 0.026141, "0.69": 0.026296, "0.7": 0.026212, "0.71": 0.026143, "0.72": 0.026078, "0.73": 0.023901, "0.74": 0.023958, "0.75": 0.023908, "0.76": 0.026493, "0.77": 0.02696, "0.78": 0.027357, "0.79": 0.027552, "0.8": 0.02777, "0.81": 0.027823, "0.82": 0.024734, "0.83": 0.027697, "0.84": 0.027622, "0.85": 0.025537, "0.86": 0.026984, "0.87": 0.025596, "0.88": 0.026393, "0.89": 0.025465, "0.9": 0.02521, "0.91": 0.024915, "0.92": 0.02477, "0.93": 0.024395, "0.94": 0.023985, "0.95": 0.023763, "0.96": 0.023326, "0.97": 0.023804, "0.98": 0.023462, "0.99": 0.023295, "1.0": 0.022923}