{"0.02": 0.030316, "0.03": 0.026894, "0.04": 0.025195, "0.06": 0.009492, "0.07": 0.019087, "0.08": 0.011096, "0.09": 0.017752, "0.1": 0.016628, "0.11": 0.011672, "0.12": 0.011711, "0.13": 0.011541, "0.14": 0.011027, "0.15": 0.018584, "0.16": 0.020759, "0.17": 0.022679, "0.18": 0.024384, "0.19": 0.025909, "0.2": 0.026997, "0.21": 0.027846, "0.22": 0.02823, "0.23": 0.028211, "0.24": 0.028083, "0.25": 0.028141, "0.26": 0.02305, "0.27": 0.028309, "0.28": 0.028339, "0.29": 0.028629, "0.3": 0.028906, "0.31": 0.024035, "0.32": 0.029695, "0.33": 0.030362, "0.34": 0.0309, "0.35": 0.031408, "0.36": 0.031802, "0.37": 0.031863, "0.38": 0.031711, "0.39": 0.031431, "0.4": 0.031179, "0.41": 0.028018, "0.42": 0.029809, "0.43": 0.027802, "0.44": 0.027359, "0.45": 0.029458, "0.46": 0.029272, "0.47": 0.028962, "0.48": 0.026445, "0.49": 0.02639, "0.5": 0.026362, "0.51": 0.028095, "0.52": 0.027834, "0.53": 0.027458, "0.54": 0.025542, "0.55": 0.025397, "0.56": 0.025198, "0.57": 0.024891, "0.58": 0.025539, "0.59": 0.023993, "0.6": 0.025714, "0.61": 0.025876, "0.62": 0.025982, "0.63": 0.026237, "0.64": 0.026383, "0.65": 0.023679, "0.66": 0.02645, "0.67": 0.026536, "0.68": 0.026577, "0.69": 0.026647, "0.7": 0.026737, "0.71": 0.027054, "0.72": 0.027274, "0.73": 0.027535, "0.74": 0.027836, "0.75": 0.027909, "0.76": 0.027906, "0.77": 0.027859, "0.78": 0.027862, "0.79": 0.025835, "0.8": 0.02585, "0.81": 0.027225, "0.82": 0.027068, "0.83": 0.025687, "0.84": 0.025491, "0.85": 0.025297, "0.86": 0.02498, "0.87": 0.024548, "0.88": 0.024126, "0.89": 0.023714, "0.9": 0.023313, "0.91": 0.02292, "0.92": 0.022537, "0.93": 0.022579, "0.94": 0.021921, "0.95": 0.021642, "0.96": 0.021369, "0.97": 0.021101, "0.98": 0.0208, "0.99": 0.020468, "1.0": 0.020305}