{"0.08": 0.006176, "0.09": 0.005687, "0.1": 0.004904, "0.11": 0.004585, "0.12": 0.004305, "0.13": 0.003832, "0.14": 0.003631, "0.15": 0.003284, "0.16": 0.003134, "0.17": 0.002868, "0.18": 0.002751, "0.19": 0.002642, "0.2": 0.002447, "0.21": 0.00236, "0.22": 0.002201, "0.23": 0.002129, "0.24": 0.001997, "0.25": 0.001936, "0.26": 0.001879, "0.27": 0.001774, "0.28": 0.006739, "0.29": 0.007654, "0.3": 0.00896, "0.31": 0.010274, "0.32": 0.004092, "0.33": 0.011113, "0.34": 0.011881, "0.35": 0.006795, "0.36": 0.012882, "0.37": 0.013371, "0.38": 0.009201, "0.39": 0.014634, "0.4": 0.009906, "0.41": 0.016154, "0.42": 0.016526, "0.43": 0.016945, "0.44": 0.012045, "0.45": 0.016935, "0.46": 0.016812, "0.47": 0.013845, "0.48": 0.014449, "0.49": 0.014614, "0.5": 0.01469, "0.51": 0.014685, "0.52": 0.014446, "0.53": 0.014218, "0.54": 0.013996, "0.55": 0.01357, "0.56": 0.013364, "0.57": 0.012969, "0.58": 0.012779, "0.59": 0.012411, "0.6": 0.012234, "0.61": 0.012061, "0.62": 0.011727, "0.63": 0.011566, "0.64": 0.011254, "0.65": 0.011103, "0.66": 0.01081, "0.67": 0.010669, "0.68": 0.010531, "0.69": 0.010262, "0.7": 0.010132, "0.71": 0.00988, "0.72": 0.009757, "0.73": 0.00952, "0.74": 0.009404, "0.75": 0.009291, "0.76": 0.009071, "0.77": 0.008964, "0.78": 0.008756, "0.79": 0.008655, "0.8": 0.008458, "0.81": 0.008362, "0.82": 0.008268, "0.83": 0.008084, "0.84": 0.007995, "0.85": 0.007821, "0.86": 0.007736, "0.87": 0.00757, "0.88": 0.00749, "0.89": 0.00741, "0.9": 0.007255, "0.91": 0.007179, "0.92": 0.007031, "0.93": 0.006959, "0.94": 0.006818, "0.95": 0.006749, "0.96": 0.006681, "0.97": 0.006549, "0.98": 0.006484, "0.99": 0.006357, "1.0": 0.006295}