{"0.04": 0.01254, "0.05": 0.010722, "0.06": 0.008297, "0.07": 0.007449, "0.08": 0.006176, "0.09": 0.005687, "0.1": 0.004904, "0.11": 0.004585, "0.12": 0.004305, "0.13": 0.003832, "0.14": 0.003631, "0.15": 0.003284, "0.16": 0.003134, "0.17": 0.002868, "0.18": 0.002751, "0.19": 0.002642, "0.2": 0.002447, "0.21": 0.00236, "0.22": 0.002201, "0.23": 0.002129, "0.24": 0.001997, "0.25": 0.001936, "0.26": 0.001879, "0.27": 0.001774, "0.28": 0.001725, "0.29": 0.001634, "0.3": 0.001592, "0.31": 0.001514, "0.32": 0.001477, "0.33": 0.001442, "0.34": 0.001376, "0.35": 0.001345, "0.36": 0.001286, "0.37": 0.001259, "0.38": 0.001207, "0.39": 0.001182, "0.4": 0.001158, "0.41": 0.001113, "0.42": 0.001092, "0.43": 0.001051, "0.44": 0.001031, "0.45": 0.000994, "0.46": 0.000977, "0.47": 0.00096, "0.48": 0.001871, "0.49": 0.002265, "0.5": 0.003018, "0.51": 0.003379, "0.52": 0.004072, "0.53": 0.004404, "0.54": 0.004728, "0.55": 0.005351, "0.56": 0.00565, "0.57": 0.006227, "0.58": 0.006505, "0.59": 0.007041, "0.6": 0.007299, "0.61": 0.007552, "0.62": 0.008039, "0.63": 0.008275, "0.64": 0.00873, "0.65": 0.00895, "0.66": 0.009377, "0.67": 0.009583, "0.68": 0.009785, "0.69": 0.010177, "0.7": 0.010367, "0.71": 0.010735, "0.72": 0.010913, "0.73": 0.01126, "0.74": 0.011429, "0.75": 0.011594, "0.76": 0.011915, "0.77": 0.012071, "0.78": 0.012374, "0.79": 0.012522, "0.8": 0.012636, "0.81": 0.012606, "0.82": 0.012129, "0.83": 0.012133, "0.84": 0.012053, "0.85": 0.011791, "0.86": 0.011663, "0.87": 0.011413, "0.88": 0.011291, "0.89": 0.011171, "0.9": 0.010937, "0.91": 0.010823, "0.92": 0.0106, "0.93": 0.010492, "0.94": 0.010279, "0.95": 0.010175, "0.96": 0.010073, "0.97": 0.009873, "0.98": 0.009775, "0.99": 0.009583, "1.0": 0.00949}