{"0.1": 0.004305, "0.11": 0.004055, "0.12": 0.003631, "0.13": 0.030549, "0.14": 0.034833, "0.15": 0.038432, "0.16": 0.040023, "0.17": 0.042864, "0.18": 0.044138, "0.19": 0.046438, "0.2": 0.048458, "0.21": 0.049379, "0.22": 0.051067, "0.23": 0.052577, "0.24": 0.053274, "0.25": 0.054565, "0.26": 0.055165, "0.27": 0.056281, "0.28": 0.057301, "0.29": 0.057777, "0.3": 0.058673, "0.31": 0.059497, "0.32": 0.059886, "0.33": 0.060619, "0.34": 0.060966, "0.35": 0.061622, "0.36": 0.06213, "0.37": 0.062217, "0.38": 0.062088, "0.39": 0.061882, "0.4": 0.061209, "0.41": 0.060216, "0.42": 0.05961, "0.43": 0.058192, "0.44": 0.057388, "0.45": 0.049337, "0.46": 0.049519, "0.47": 0.04949, "0.48": 0.049209, "0.49": 0.048651, "0.5": 0.048275, "0.51": 0.047342, "0.52": 0.046182, "0.53": 0.045523, "0.54": 0.044251, "0.55": 0.043636, "0.56": 0.042448, "0.57": 0.041313, "0.58": 0.040763, "0.59": 0.039699, "0.6": 0.038679, "0.61": 0.038185, "0.62": 0.037227, "0.63": 0.036762, "0.64": 0.03586, "0.65": 0.034993, "0.66": 0.039669, "0.67": 0.039755, "0.68": 0.039827, "0.69": 0.039973, "0.7": 0.04012, "0.71": 0.040195, "0.72": 0.040269, "0.73": 0.033982, "0.74": 0.034084, "0.75": 0.034225, "0.76": 0.041371, "0.77": 0.041858, "0.78": 0.042163, "0.79": 0.042257, "0.8": 0.042334, "0.81": 0.042251, "0.82": 0.035359, "0.83": 0.041792, "0.84": 0.041575, "0.85": 0.036526, "0.86": 0.040388, "0.87": 0.036954, "0.88": 0.039406, "0.89": 0.037085, "0.9": 0.036968, "0.91": 0.036718, "0.92": 0.036549, "0.93": 0.036086, "0.94": 0.035591, "0.95": 0.035347, "0.96": 0.034784, "0.97": 0.0352, "0.98": 0.034652, "0.99": 0.034383, "1.0": 0.033812}