{"0.09": 0.03555, "0.11": 0.036092, "0.14": 0.03524, "0.15": 0.034997, "0.16": 0.033874, "0.17": 0.007501, "0.18": 0.031175, "0.19": 0.010426, "0.2": 0.029373, "0.21": 0.01342, "0.22": 0.014276, "0.23": 0.015518, "0.24": 0.016076, "0.25": 0.016597, "0.26": 0.017274, "0.27": 0.01758, "0.28": 0.01801, "0.29": 0.018021, "0.3": 0.017687, "0.31": 0.017472, "0.32": 0.017266, "0.33": 0.016662, "0.34": 0.016273, "0.35": 0.015541, "0.36": 0.015196, "0.37": 0.014865, "0.38": 0.01424, "0.39": 0.013945, "0.4": 0.02222, "0.41": 0.013317, "0.42": 0.013154, "0.43": 0.012842, "0.44": 0.024817, "0.45": 0.025315, "0.46": 0.026278, "0.47": 0.026735, "0.48": 0.027339, "0.49": 0.013927, "0.5": 0.014428, "0.51": 0.027999, "0.52": 0.028165, "0.53": 0.016031, "0.54": 0.016456, "0.55": 0.027764, "0.56": 0.01782, "0.57": 0.018704, "0.58": 0.027601, "0.59": 0.02774, "0.6": 0.020288, "0.61": 0.020541, "0.62": 0.020959, "0.63": 0.021125, "0.64": 0.021286, "0.65": 0.021529, "0.66": 0.021553, "0.67": 0.021475, "0.68": 0.021436, "0.69": 0.033399, "0.7": 0.034665, "0.71": 0.035281, "0.72": 0.036479, "0.73": 0.037062, "0.74": 0.038198, "0.75": 0.038751, "0.76": 0.03923, "0.77": 0.040164, "0.78": 0.024494, "0.79": 0.025372, "0.8": 0.025793, "0.81": 0.04253, "0.82": 0.043689, "0.83": 0.044193, "0.84": 0.044994, "0.85": 0.045296, "0.86": 0.045595, "0.87": 0.045446, "0.88": 0.045009, "0.89": 0.044104, "0.9": 0.04369, "0.91": 0.04288, "0.92": 0.033984, "0.93": 0.042044, "0.94": 0.041285, "0.95": 0.040914, "0.96": 0.036796, "0.97": 0.037139, "0.98": 0.037428, "0.99": 0.038611, "1.0": 0.03823}