{"0.02": 0.026134, "0.03": 0.019019, "0.04": 0.016986, "0.07": 0.008713, "0.09": 0.007427, "0.1": 0.006887, "0.11": 0.0062, "0.15": 0.00442, "0.16": 0.004459, "0.17": 0.004494, "0.18": 0.004524, "0.19": 0.004552, "0.2": 0.004576, "0.21": 0.004598, "0.22": 0.004619, "0.23": 0.004637, "0.24": 0.004538, "0.25": 0.004548, "0.27": 0.004362, "0.28": 0.004195, "0.29": 0.004227, "0.3": 0.004258, "0.31": 0.004096, "0.32": 0.004038, "0.33": 0.004072, "0.34": 0.004105, "0.35": 0.004135, "0.36": 0.00415, "0.37": 0.004096, "0.38": 0.00406, "0.39": 0.004089, "0.4": 0.004103, "0.41": 0.00392, "0.42": 0.003878, "0.45": 0.003629, "0.46": 0.003666, "0.47": 0.003702, "0.51": 0.003442, "0.52": 0.003418, "0.53": 0.003457, "0.6": 0.002989, "0.61": 0.002978, "0.62": 0.003, "0.63": 0.002989, "0.64": 0.002979, "0.66": 0.002929, "0.67": 0.002921, "0.68": 0.002942, "0.69": 0.002904, "0.7": 0.002925, "0.71": 0.002937, "0.72": 0.002929, "0.73": 0.002921, "0.74": 0.00296, "0.75": 0.00298, "0.76": 0.003018, "0.77": 0.003009, "0.78": 0.003046, "0.81": 0.002972, "0.82": 0.002964, "0.92": 0.00249, "0.93": 0.00249, "1.0": 0.002239}