{"0.08": 0.006755, "0.09": 0.005687, "0.1": 0.005267, "0.11": 0.004585, "0.12": 0.004305, "0.13": 0.003832, "0.14": 0.003631, "0.15": 0.00345, "0.16": 0.003134, "0.17": 0.002995, "0.18": 0.002751, "0.19": 0.002642, "0.2": 0.002541, "0.21": 0.00236, "0.22": 0.002278, "0.23": 0.002129, "0.24": 0.002061, "0.25": 0.001997, "0.26": 0.001879, "0.27": 0.001825, "0.28": 0.001725, "0.29": 0.001679, "0.3": 0.001592, "0.31": 0.001552, "0.32": 0.001514, "0.33": 0.001442, "0.34": 0.001408, "0.35": 0.001345, "0.36": 0.001315, "0.37": 0.001286, "0.38": 0.001232, "0.39": 0.001207, "0.4": 0.001158, "0.41": 0.001135, "0.42": 0.001113, "0.43": 0.001071, "0.44": 0.001051, "0.45": 0.001013, "0.46": 0.000994, "0.47": 0.000977, "0.48": 0.000943, "0.49": 0.000927, "0.5": 0.000896, "0.51": 0.000881, "0.52": 0.000853, "0.53": 0.000839, "0.54": 0.000826, "0.55": 0.000801, "0.56": 0.000788, "0.57": 0.000765, "0.58": 0.000754, "0.59": 0.000742, "0.6": 0.000721, "0.61": 0.000711, "0.62": 0.000691, "0.63": 0.000681, "0.64": 0.000672, "0.65": 0.000654, "0.66": 0.000645, "0.67": 0.000628, "0.68": 0.00062, "0.69": 0.000612, "0.7": 0.00164, "0.71": 0.000777, "0.72": 0.002024, "0.73": 0.001114, "0.74": 0.001324, "0.75": 0.001425, "0.76": 0.002301, "0.77": 0.001778, "0.78": 0.001872, "0.79": 0.001942, "0.8": 0.001975, "0.81": 0.002008, "0.82": 0.002071, "0.83": 0.002048, "0.84": 0.004525, "0.85": 0.00481, "0.86": 0.002447, "0.87": 0.005363, "0.88": 0.005467, "0.89": 0.005511, "0.9": 0.004096, "0.91": 0.004569, "0.92": 0.004724, "0.93": 0.004875, "0.94": 0.005021, "0.95": 0.005019, "0.96": 0.004966, "0.97": 0.004916, "0.98": 0.004867, "0.99": 0.005018, "1.0": 0.004968}