{"0.01": 0.0501, "0.02": 0.045299, "0.03": 0.020461, "0.04": 0.033414, "0.05": 0.021483, "0.06": 0.011171, "0.07": 0.008385, "0.08": 0.003085, "0.09": 0.022006, "0.1": 0.031793, "0.11": 0.03263, "0.12": 0.062366, "0.13": 0.046664, "0.14": 0.046126, "0.15": 0.048347, "0.16": 0.031269, "0.17": 0.029698, "0.18": 0.021591, "0.19": 0.016714, "0.2": 0.040904, "0.21": 0.011148, "0.22": 0.004101, "0.23": 0.000555, "0.24": 0.000204, "0.25": 7.5e-05, "0.26": 1e-05, "0.27": 4e-06, "0.28": 1e-06, "0.29": 0.012151, "0.3": 0.020135, "0.31": 0.006065, "0.32": 0.002231, "0.33": 0.000302, "0.34": 0.000111, "0.35": 4.1e-05, "0.36": 6e-06, "0.37": 2e-06, "0.38": 0.0, "0.39": 0.009516, "0.4": 0.00447, "0.41": 0.010734, "0.42": 0.019237, "0.43": 0.003514, "0.44": 0.012287, "0.45": 0.020864, "0.46": 0.020422, "0.47": 0.011208, "0.48": 0.001517, "0.49": 0.031268, "0.5": 0.004232, "0.51": 0.010925, "0.52": 0.004442, "0.53": 0.038239, "0.54": 0.03795, "0.55": 0.01405, "0.56": 0.005169, "0.57": 0.019401, "0.58": 0.00914, "0.59": 0.011154, "0.6": 0.00501, "0.61": 0.001843, "0.62": 0.000249, "0.63": 9.2e-05, "0.64": 3.4e-05, "0.65": 5e-06, "0.66": 2e-06, "0.67": 0.016323, "0.68": 0.02996, "0.69": 0.047599, "0.7": 0.042972, "0.71": 0.056118, "0.72": 0.045394, "0.73": 0.028504, "0.74": 0.010486, "0.75": 0.032573, "0.76": 0.030634, "0.77": 0.027634, "0.78": 0.049591, "0.79": 0.068766, "0.8": 0.051552, "0.81": 0.044313, "0.82": 0.012077, "0.83": 0.058115, "0.84": 0.056576, "0.85": 0.027337, "0.86": 0.054629, "0.87": 0.06476, "0.88": 0.074288, "0.89": 0.033996, "0.9": 0.016376, "0.91": 0.015541, "0.92": 0.026782, "0.93": 0.037969, "0.94": 0.024767, "0.95": 0.009111, "0.96": 0.02735, "0.97": 0.04135, "0.98": 0.065136, "0.99": 0.054998, "1.0": 0.02941}