{"0.06": 0.006176, "0.07": 0.005267, "0.08": 0.004585, "0.09": 0.004055, "0.1": 0.003631, "0.11": 0.003284, "0.12": 0.002995, "0.13": 0.002751, "0.14": 0.002541, "0.15": 0.00236, "0.16": 0.002201, "0.17": 0.002061, "0.18": 0.001936, "0.19": 0.001825, "0.2": 0.001725, "0.21": 0.001634, "0.22": 0.001552, "0.23": 0.001477, "0.24": 0.001408, "0.25": 0.001376, "0.26": 0.001315, "0.27": 0.001259, "0.28": 0.00508, "0.29": 0.006303, "0.3": 0.007449, "0.31": 0.003391, "0.32": 0.009811, "0.33": 0.011191, "0.34": 0.012399, "0.35": 0.013538, "0.36": 0.014527, "0.37": 0.014873, "0.38": 0.015447, "0.39": 0.015512, "0.4": 0.015427, "0.41": 0.013273, "0.42": 0.013593, "0.43": 0.013687, "0.44": 0.013503, "0.45": 0.013129, "0.46": 0.012771, "0.47": 0.01243, "0.48": 0.012103, "0.49": 0.011789, "0.5": 0.011637, "0.51": 0.011343, "0.52": 0.011061, "0.53": 0.010789, "0.54": 0.010528, "0.55": 0.010277, "0.56": 0.010035, "0.57": 0.009803, "0.58": 0.009578, "0.59": 0.009362, "0.6": 0.009153, "0.61": 0.008951, "0.62": 0.008756, "0.63": 0.008567, "0.64": 0.009885, "0.65": 0.008573, "0.66": 0.009945, "0.67": 0.008825, "0.68": 0.009797, "0.69": 0.009105, "0.7": 0.009116, "0.71": 0.009032, "0.72": 0.008949, "0.73": 0.008775, "0.74": 0.008607, "0.75": 0.008524, "0.76": 0.008363, "0.77": 0.008206, "0.78": 0.008053, "0.79": 0.007904, "0.8": 0.00776, "0.81": 0.007619, "0.82": 0.007482, "0.83": 0.007348, "0.84": 0.007218, "0.85": 0.007091, "0.86": 0.006968, "0.87": 0.006847, "0.88": 0.006729, "0.89": 0.006615, "0.9": 0.006502, "0.91": 0.006393, "0.92": 0.006286, "0.93": 0.006598, "0.94": 0.006203, "0.95": 0.006182, "0.96": 0.00616, "0.97": 0.006138, "0.98": 0.006078, "0.99": 0.005981, "1.0": 0.005933}