{"0.0": 0.100379, "0.01": 0.100032, "0.02": 0.100005, "0.03": 0.100001, "0.04": 0.1, "0.05": 0.1, "0.06": 0.1, "0.07": 0.1, "0.08": 0.1, "0.09": 0.1, "0.1": 0.1, "0.11": 0.1, "0.12": 0.1, "0.13": 0.1, "0.15": 0.000823, "0.2": 0.0, "0.26": 0.032968, "0.27": 0.049839, "0.28": 0.037705, "0.29": 0.031685, "0.3": 0.018496, "0.31": 0.012574, "0.32": 0.062948, "0.33": 0.094986, "0.34": 0.085732, "0.35": 0.0637, "0.36": 0.088431, "0.37": 0.09827, "0.38": 0.099766, "0.39": 0.09288, "0.4": 0.026553, "0.41": 0.008839, "0.46": 0.0, "0.51": 0.0, "0.56": 0.0, "0.61": 0.0, "0.64": 0.038594, "0.65": 0.087949, "0.66": 0.098369, "0.67": 0.099598, "0.68": 0.064177, "0.71": 2.6e-05, "0.77": 0.0, "0.82": 0.0, "0.84": 0.009516, "0.85": 0.016879, "0.86": 0.023335, "0.87": 0.002117, "0.88": 0.021071, "0.89": 0.054666, "0.9": 0.060177, "0.91": 0.094611, "0.92": 0.099194, "0.93": 0.098152, "0.94": 0.098631, "0.97": 0.000134, "1.0": 0.0}