{"0.01": 0.040506, "0.06": 0.010611, "0.07": 0.008958, "0.09": 0.007855, "0.11": 0.006157, "0.13": 0.00542, "0.14": 0.005398, "0.15": 0.005378, "0.16": 0.005344, "0.18": 0.005099, "0.2": 0.004902, "0.21": 0.004905, "0.26": 0.004033, "0.29": 0.003495, "0.4": 0.002512, "0.42": 0.002512, "0.43": 0.002417, "0.44": 0.002465, "0.45": 0.002557, "0.46": 0.002601, "0.47": 0.002644, "0.48": 0.002639, "0.5": 0.002591, "0.51": 0.002631, "0.52": 0.002707, "0.55": 0.002695, "0.56": 0.00273, "0.57": 0.002723, "0.58": 0.002757, "0.59": 0.00279, "0.67": 0.002458, "0.69": 0.002428, "0.7": 0.002494, "0.71": 0.002525, "0.72": 0.002587, "0.73": 0.002617, "0.74": 0.002675, "0.75": 0.002703, "0.76": 0.002731, "0.77": 0.002784, "0.8": 0.002714, "0.81": 0.002741, "0.82": 0.002792, "0.83": 0.002817, "0.84": 0.002865, "0.85": 0.002889, "0.86": 0.002912, "0.87": 0.002957, "0.88": 0.002979, "0.89": 0.002969, "0.9": 0.002991, "0.91": 0.003033, "0.93": 0.003022, "0.94": 0.003062, "0.95": 0.003082, "0.99": 0.003, "1.0": 0.00297}