{"0.01": 0.040506, "0.04": 0.013367, "0.05": 0.011429, "0.06": 0.008845, "0.07": 0.00794, "0.08": 0.006583, "0.09": 0.006062, "0.1": 0.005227, "0.11": 0.004888, "0.12": 0.004589, "0.13": 0.00629, "0.14": 0.006485, "0.15": 0.005155, "0.16": 0.00537, "0.17": 0.007121, "0.18": 0.007978, "0.19": 0.008256, "0.2": 0.008323, "0.21": 0.007198, "0.22": 0.007208, "0.23": 0.006972, "0.24": 0.007869, "0.25": 0.007848, "0.26": 0.00703, "0.27": 0.00705, "0.28": 0.008233, "0.29": 0.008553, "0.3": 0.00915, "0.31": 0.009941, "0.32": 0.01031, "0.33": 0.010542, "0.34": 0.010749, "0.35": 0.009722, "0.36": 0.010814, "0.37": 0.010905, "0.38": 0.010042, "0.39": 0.010959, "0.4": 0.010134, "0.41": 0.011593, "0.42": 0.011853, "0.43": 0.01235, "0.44": 0.012586, "0.45": 0.012945, "0.46": 0.012982, "0.47": 0.01293, "0.48": 0.012236, "0.49": 0.012195, "0.5": 0.011874, "0.51": 0.01168, "0.52": 0.011309, "0.53": 0.01113, "0.54": 0.010957, "0.55": 0.010623, "0.56": 0.010462, "0.57": 0.010152, "0.58": 0.010003, "0.59": 0.009716, "0.6": 0.009577, "0.61": 0.009442, "0.62": 0.00918, "0.63": 0.009054, "0.64": 0.00881, "0.65": 0.008691, "0.66": 0.008463, "0.67": 0.008352, "0.68": 0.008244, "0.69": 0.008033, "0.7": 0.007932, "0.71": 0.007734, "0.72": 0.007638, "0.73": 0.007452, "0.74": 0.007362, "0.75": 0.007273, "0.76": 0.007101, "0.77": 0.007017, "0.78": 0.006854, "0.79": 0.006775, "0.8": 0.006621, "0.81": 0.006546, "0.82": 0.006472, "0.83": 0.006329, "0.84": 0.006259, "0.85": 0.006726, "0.86": 0.006926, "0.87": 0.007262, "0.88": 0.007344, "0.89": 0.007426, "0.9": 0.007063, "0.91": 0.007509, "0.92": 0.007614, "0.93": 0.007228, "0.94": 0.007715, "0.95": 0.007711, "0.96": 0.007434, "0.97": 0.007433, "0.98": 0.007408, "0.99": 0.007263, "1.0": 0.007241}