{"0.09": 0.023327, "0.11": 0.026328, "0.12": 0.005511, "0.13": 0.005979, "0.14": 0.027507, "0.15": 0.027651, "0.16": 0.027201, "0.17": 0.009815, "0.18": 0.025317, "0.19": 0.012284, "0.2": 0.023961, "0.21": 0.014589, "0.22": 0.015085, "0.23": 0.015973, "0.24": 0.016371, "0.25": 0.016597, "0.26": 0.016594, "0.27": 0.016388, "0.28": 0.016004, "0.29": 0.0157, "0.3": 0.015012, "0.31": 0.014633, "0.32": 0.01427, "0.33": 0.013592, "0.34": 0.013275, "0.35": 0.012678, "0.36": 0.012397, "0.37": 0.012127, "0.38": 0.011617, "0.39": 0.011376, "0.4": 0.015657, "0.41": 0.0109, "0.42": 0.010784, "0.43": 0.010562, "0.44": 0.017561, "0.45": 0.017994, "0.46": 0.01883, "0.47": 0.019226, "0.48": 0.019717, "0.49": 0.011953, "0.5": 0.01252, "0.51": 0.02079, "0.52": 0.021188, "0.53": 0.013952, "0.54": 0.014338, "0.55": 0.021214, "0.56": 0.015447, "0.57": 0.015921, "0.58": 0.020634, "0.59": 0.020478, "0.6": 0.016943, "0.61": 0.017179, "0.62": 0.017433, "0.63": 0.017457, "0.64": 0.017478, "0.65": 0.017453, "0.66": 0.017347, "0.67": 0.017138, "0.68": 0.017036, "0.69": 0.023835, "0.7": 0.024859, "0.71": 0.025256, "0.72": 0.026029, "0.73": 0.026406, "0.74": 0.027142, "0.75": 0.027501, "0.76": 0.027855, "0.77": 0.028546, "0.78": 0.020234, "0.79": 0.021156, "0.8": 0.021519, "0.81": 0.030341, "0.82": 0.031285, "0.83": 0.031684, "0.84": 0.032465, "0.85": 0.032846, "0.86": 0.033221, "0.87": 0.033781, "0.88": 0.03397, "0.89": 0.034228, "0.9": 0.034409, "0.91": 0.033793, "0.92": 0.027464, "0.93": 0.033145, "0.94": 0.032569, "0.95": 0.032287, "0.96": 0.029425, "0.97": 0.029612, "0.98": 0.029747, "0.99": 0.03049, "1.0": 0.03019}