{"0.02": 0.001411, "0.03": 0.00098, "0.04": 0.000748, "0.05": 0.000566, "0.06": 0.000478, "0.07": 0.000412, "0.08": 0.000362, "0.09": 0.000322, "0.1": 0.001982, "0.11": 0.002814, "0.12": 0.003605, "0.13": 0.005236, "0.14": 0.006487, "0.15": 0.008219, "0.16": 0.009339, "0.17": 0.010334, "0.18": 0.011121, "0.19": 0.011175, "0.2": 0.010356, "0.21": 0.009808, "0.22": 0.009307, "0.23": 0.008849, "0.24": 0.008428, "0.25": 0.007916, "0.26": 0.007566, "0.27": 0.007241, "0.28": 0.006938, "0.29": 0.006655, "0.3": 0.006391, "0.31": 0.006143, "0.32": 0.005911, "0.33": 0.005692, "0.34": 0.005486, "0.35": 0.005881, "0.36": 0.006546, "0.37": 0.007175, "0.38": 0.007772, "0.39": 0.008338, "0.4": 0.008714, "0.41": 0.008728, "0.42": 0.008279, "0.43": 0.008027, "0.44": 0.007786, "0.45": 0.007481, "0.46": 0.007264, "0.47": 0.007056, "0.48": 0.006857, "0.49": 0.006666, "0.5": 0.006483, "0.51": 0.006307, "0.52": 0.006138, "0.53": 0.005975, "0.54": 0.005819, "0.55": 0.005619, "0.56": 0.005476, "0.57": 0.005337, "0.58": 0.005204, "0.59": 0.005075, "0.6": 0.004951, "0.61": 0.00483, "0.62": 0.004714, "0.63": 0.004602, "0.64": 0.00493, "0.65": 0.005558, "0.66": 0.005934, "0.67": 0.006144, "0.68": 0.006386, "0.69": 0.006413, "0.7": 0.00659, "0.71": 0.007003, "0.72": 0.007367, "0.73": 0.007554, "0.74": 0.007992, "0.75": 0.008485, "0.76": 0.008842, "0.77": 0.009189, "0.78": 0.009527, "0.79": 0.009856, "0.8": 0.010105, "0.81": 0.010314, "0.82": 0.01062, "0.83": 0.010919, "0.84": 0.01121, "0.85": 0.011586, "0.86": 0.011859, "0.87": 0.012126, "0.88": 0.012386, "0.89": 0.012606, "0.9": 0.012705, "0.91": 0.012966, "0.92": 0.013171, "0.93": 0.013261, "0.94": 0.013504, "0.95": 0.013803, "0.96": 0.01402, "0.97": 0.014233, "0.98": 0.014441, "0.99": 0.014389, "1.0": 0.01427}