{"0.09": 0.009516, "0.1": 0.010804, "0.11": 0.004393, "0.12": 0.009957, "0.2": 0.017308, "0.21": 0.004717, "0.32": 0.0, "0.43": 0.0, "0.51": 0.009516, "0.53": 0.025065, "0.54": 0.023983, "0.57": 0.018487, "0.64": 1e-06, "0.68": 0.018127, "0.75": 0.037328, "0.76": 0.030298, "0.77": 0.02086, "0.79": 0.024618, "0.8": 0.033068, "0.85": 1.5e-05, "0.88": 0.023899, "0.89": 0.035012, "0.91": 0.011094, "0.92": 0.02182, "0.96": 6e-05, "0.98": 0.029461, "1.0": 0.002188}