{"0.01": 0.040506, "0.02": 0.030284, "0.03": 0.028222, "0.04": 0.023675, "0.05": 0.01688, "0.06": 0.015944, "0.07": 0.013638, "0.08": 0.012557, "0.09": 0.010828, "0.1": 0.011036, "0.11": 0.009531, "0.12": 0.009051, "0.13": 0.008843, "0.14": 0.008033, "0.15": 0.007353, "0.16": 0.007052, "0.17": 0.006515, "0.18": 0.006274, "0.19": 0.00584, "0.2": 0.005458, "0.21": 0.005284, "0.22": 0.004964, "0.23": 0.004679, "0.24": 0.004547, "0.25": 0.004303, "0.26": 0.00419, "0.27": 0.003979, "0.28": 0.003786, "0.29": 0.003696, "0.3": 0.003527, "0.31": 0.003371, "0.32": 0.003297, "0.33": 0.003159, "0.34": 0.003093, "0.35": 0.002969, "0.36": 0.002853, "0.37": 0.002798, "0.38": 0.002694, "0.39": 0.002644, "0.4": 0.002549, "0.41": 0.003428, "0.42": 0.003804, "0.43": 0.004267, "0.44": 0.004363, "0.45": 0.003979, "0.46": 0.004087, "0.47": 0.004417, "0.48": 0.004128, "0.49": 0.004151, "0.5": 0.004089, "0.51": 0.004632, "0.52": 0.004858, "0.53": 0.005149, "0.54": 0.005289, "0.55": 0.005421, "0.56": 0.00507, "0.57": 0.006073, "0.58": 0.006259, "0.59": 0.006442, "0.6": 0.007034, "0.61": 0.007265, "0.62": 0.007714, "0.63": 0.007932, "0.64": 0.008292, "0.65": 0.008394, "0.66": 0.007935, "0.67": 0.008038, "0.68": 0.008001, "0.69": 0.007815, "0.7": 0.007636, "0.71": 0.007549, "0.72": 0.007661, "0.73": 0.007381, "0.74": 0.007354, "0.75": 0.007247, "0.76": 0.007168, "0.77": 0.007015, "0.78": 0.006866, "0.79": 0.006794, "0.8": 0.006652, "0.81": 0.006515, "0.82": 0.006448, "0.83": 0.006318, "0.84": 0.006254, "0.85": 0.006129, "0.86": 0.006008, "0.87": 0.005949, "0.88": 0.005833, "0.89": 0.006313, "0.9": 0.006675, "0.91": 0.007026, "0.92": 0.007198, "0.93": 0.007535, "0.94": 0.007863, "0.95": 0.007977, "0.96": 0.0082, "0.97": 0.007713, "0.98": 0.008387, "0.99": 0.008326, "1.0": 0.008296}