{"0.03": 0.02086, "0.04": 0.01734, "0.06": 0.01204, "0.08": 0.009816, "0.1": 0.00874, "0.11": 0.007609, "0.12": 0.007449, "0.13": 0.00718, "0.14": 0.007066, "0.15": 0.006963, "0.16": 0.006555, "0.17": 0.006486, "0.18": 0.005957, "0.19": 0.005919, "0.2": 0.005667, "0.21": 0.005643, "0.22": 0.0056, "0.23": 0.00558, "0.24": 0.005544, "0.25": 0.005528, "0.26": 0.005512, "0.27": 0.005498, "0.29": 0.005186, "0.3": 0.005181, "0.31": 0.005172, "0.32": 0.005168, "0.33": 0.005164, "0.34": 0.005156, "0.35": 0.005153, "0.36": 0.005146, "0.37": 0.005143, "0.38": 0.005137, "0.39": 0.005134, "0.4": 0.005131, "0.41": 0.005126, "0.42": 0.005124, "0.43": 0.005119, "0.44": 0.005117, "0.45": 0.005113, "0.46": 0.005111, "0.5": 0.004689, "0.53": 0.004322, "0.57": 0.004002, "0.6": 0.003719, "0.64": 0.003468, "0.67": 0.003243, "0.71": 0.003041, "0.74": 0.002859, "0.78": 0.002693, "0.81": 0.002542, "0.83": 0.002513, "0.84": 0.002541, "0.85": 0.002568, "0.86": 0.002566, "0.87": 0.002619, "0.88": 0.002644, "0.89": 0.002669, "0.9": 0.002694, "0.92": 0.00261, "0.93": 0.002608, "0.94": 0.002632, "0.95": 0.002579, "0.96": 0.002604, "0.97": 0.002651, "0.98": 0.002675, "0.99": 0.002698, "1.0": 0.002694}