{"0.08": 0.004585, "0.09": 0.004055, "0.1": 0.003631, "0.11": 0.003284, "0.12": 0.002995, "0.13": 0.002751, "0.14": 0.002541, "0.15": 0.00236, "0.16": 0.002201, "0.17": 0.002061, "0.18": 0.001936, "0.19": 0.001825, "0.2": 0.001725, "0.21": 0.001634, "0.22": 0.001552, "0.23": 0.001477, "0.24": 0.001408, "0.25": 0.001376, "0.26": 0.001315, "0.27": 0.001259, "0.28": 0.009877, "0.29": 0.011968, "0.3": 0.013922, "0.31": 0.003391, "0.32": 0.017357, "0.33": 0.01932, "0.34": 0.020888, "0.35": 0.022005, "0.36": 0.022712, "0.37": 0.022923, "0.38": 0.023114, "0.39": 0.022941, "0.4": 0.022741, "0.41": 0.017367, "0.42": 0.018187, "0.43": 0.018689, "0.44": 0.018897, "0.45": 0.01896, "0.46": 0.018762, "0.47": 0.018322, "0.48": 0.01784, "0.49": 0.017378, "0.5": 0.017154, "0.51": 0.01672, "0.52": 0.016304, "0.53": 0.015904, "0.54": 0.015519, "0.55": 0.015149, "0.56": 0.014793, "0.57": 0.01445, "0.58": 0.014119, "0.59": 0.013799, "0.6": 0.013491, "0.61": 0.013194, "0.62": 0.012906, "0.63": 0.012628, "0.64": 0.014939, "0.65": 0.012464, "0.66": 0.014841, "0.67": 0.012556, "0.68": 0.014493, "0.69": 0.01283, "0.7": 0.012956, "0.71": 0.013027, "0.72": 0.012958, "0.73": 0.012844, "0.74": 0.012687, "0.75": 0.01261, "0.76": 0.012372, "0.77": 0.012139, "0.78": 0.011913, "0.79": 0.011694, "0.8": 0.01148, "0.81": 0.011271, "0.82": 0.011069, "0.83": 0.010871, "0.84": 0.010678, "0.85": 0.010491, "0.86": 0.010308, "0.87": 0.010129, "0.88": 0.009955, "0.89": 0.009785, "0.9": 0.009619, "0.91": 0.009458, "0.92": 0.0093, "0.93": 0.009728, "0.94": 0.009117, "0.95": 0.009048, "0.96": 0.00898, "0.97": 0.008913, "0.98": 0.008846, "0.99": 0.00878, "1.0": 0.008748}