{"0.06": 0.000432, "0.07": 0.000362, "0.08": 0.000322, "0.09": 0.00028, "0.1": 0.000255, "0.11": 0.000227, "0.12": 0.000209, "0.13": 0.00019, "0.14": 0.000177, "0.15": 0.000162, "0.16": 0.000152, "0.17": 0.000141, "0.18": 0.000133, "0.19": 0.000124, "0.2": 0.000118, "0.21": 0.00011, "0.22": 0.000105, "0.23": 9.9e-05, "0.24": 9.5e-05, "0.25": 9.1e-05, "0.26": 8.6e-05, "0.27": 8.3e-05, "0.28": 7.8e-05, "0.29": 7.6e-05, "0.3": 7.2e-05, "0.31": 6.9e-05, "0.32": 6.6e-05, "0.33": 6.4e-05, "0.34": 6.1e-05, "0.35": 5.9e-05, "0.36": 5.7e-05, "0.37": 5.5e-05, "0.38": 5.3e-05, "0.39": 5.1e-05, "0.4": 4.9e-05, "0.41": 4.8e-05, "0.42": 0.001949, "0.43": 0.000461, "0.44": 0.0008, "0.45": 0.001038, "0.46": 0.001335, "0.47": 0.001544, "0.48": 0.001608, "0.49": 0.001567, "0.5": 0.001514, "0.51": 0.001476, "0.52": 0.001427, "0.53": 0.001392, "0.54": 0.001347, "0.55": 0.001314, "0.56": 0.001273, "0.57": 0.001243, "0.58": 0.001204, "0.59": 0.001177, "0.6": 0.001141, "0.61": 0.001115, "0.62": 0.001082, "0.63": 0.001058, "0.64": 0.001027, "0.65": 0.001004, "0.66": 0.000975, "0.67": 0.000954, "0.68": 0.000927, "0.69": 0.000907, "0.7": 0.000882, "0.71": 0.000864, "0.72": 0.00084, "0.73": 0.000823, "0.74": 0.0008, "0.75": 0.000784, "0.76": 0.000768, "0.77": 0.000747, "0.78": 0.000732, "0.79": 0.000713, "0.8": 0.000699, "0.81": 0.000681, "0.82": 0.000667, "0.83": 0.00065, "0.84": 0.000638, "0.85": 0.000621, "0.86": 0.000609, "0.87": 0.000594, "0.88": 0.000583, "0.89": 0.000568, "0.9": 0.000558, "0.91": 0.000544, "0.92": 0.000534, "0.93": 0.00052, "0.94": 0.000511, "0.95": 0.000498, "0.96": 0.000489, "0.97": 0.000477, "0.98": 0.000469, "0.99": 0.000457, "1.0": 0.000452}