{"0.02": 0.007747, "0.03": 0.010002, "0.04": 0.010865, "0.05": 0.010357, "0.06": 0.011603, "0.07": 0.012304, "0.08": 0.01162, "0.09": 0.010156, "0.1": 0.009297, "0.11": 0.008435, "0.12": 0.007709, "0.13": 0.00709, "0.14": 0.006555, "0.15": 0.005947, "0.16": 0.005554, "0.17": 0.005204, "0.18": 0.004892, "0.19": 0.004611, "0.2": 0.004357, "0.21": 0.005106, "0.22": 0.006129, "0.23": 0.006817, "0.24": 0.007532, "0.25": 0.008524, "0.26": 0.008643, "0.27": 0.008148, "0.28": 0.009277, "0.29": 0.009924, "0.3": 0.010528, "0.31": 0.011029, "0.32": 0.01126, "0.33": 0.011696, "0.34": 0.011818, "0.35": 0.011796, "0.36": 0.010989, "0.37": 0.010617, "0.38": 0.010265, "0.39": 0.00993, "0.4": 0.009612, "0.41": 0.010154, "0.42": 0.010619, "0.43": 0.01101, "0.44": 0.011194, "0.45": 0.011778, "0.46": 0.012068, "0.47": 0.012155, "0.48": 0.012428, "0.49": 0.012735, "0.5": 0.012778, "0.51": 0.012658, "0.52": 0.012589, "0.53": 0.012768, "0.54": 0.013092, "0.55": 0.013506, "0.56": 0.013803, "0.57": 0.01409, "0.58": 0.014367, "0.59": 0.014634, "0.6": 0.014891, "0.61": 0.01514, "0.62": 0.01534, "0.63": 0.015295, "0.64": 0.014814, "0.65": 0.014354, "0.66": 0.014022, "0.67": 0.0137, "0.68": 0.013388, "0.69": 0.013085, "0.7": 0.012792, "0.71": 0.012507, "0.72": 0.012231, "0.73": 0.011962, "0.74": 0.011702, "0.75": 0.011366, "0.76": 0.011122, "0.77": 0.010885, "0.78": 0.010655, "0.79": 0.01043, "0.8": 0.010212, "0.81": 0.01, "0.82": 0.009794, "0.83": 0.009592, "0.84": 0.009396, "0.85": 0.009143, "0.86": 0.008959, "0.87": 0.008779, "0.88": 0.008604, "0.89": 0.008433, "0.9": 0.008266, "0.91": 0.008104, "0.92": 0.007945, "0.93": 0.00779, "0.94": 0.007639, "0.95": 0.007443, "0.96": 0.0073, "0.97": 0.007161, "0.98": 0.007025, "0.99": 0.006892, "1.0": 0.006804}