{"0.09": 0.020653, "0.11": 0.020966, "0.12": 0.005511, "0.13": 0.005979, "0.14": 0.006174, "0.15": 0.019795, "0.16": 0.019127, "0.17": 0.008734, "0.18": 0.009995, "0.19": 0.010365, "0.2": 0.010705, "0.21": 0.011306, "0.22": 0.011412, "0.23": 0.011596, "0.24": 0.011677, "0.25": 0.011751, "0.26": 0.011471, "0.27": 0.01114, "0.28": 0.010529, "0.29": 0.010245, "0.3": 0.009718, "0.31": 0.009473, "0.32": 0.009239, "0.33": 0.0088, "0.34": 0.008594, "0.35": 0.008207, "0.36": 0.008025, "0.37": 0.007851, "0.38": 0.007521, "0.39": 0.007365, "0.4": 0.007069, "0.41": 0.006929, "0.42": 0.006794, "0.43": 0.006537, "0.44": 0.006414, "0.45": 0.006181, "0.46": 0.00607, "0.47": 0.005962, "0.48": 0.005757, "0.49": 0.005658, "0.5": 0.00547, "0.51": 0.005379, "0.52": 0.005206, "0.53": 0.005123, "0.54": 0.005043, "0.55": 0.004887, "0.56": 0.004812, "0.57": 0.004669, "0.58": 0.004599, "0.59": 0.004532, "0.6": 0.004402, "0.61": 0.004339, "0.62": 0.004218, "0.63": 0.004159, "0.64": 0.004102, "0.65": 0.003991, "0.66": 0.003938, "0.67": 0.003834, "0.68": 0.003784, "0.69": 0.003735, "0.7": 0.003639, "0.71": 0.003593, "0.72": 0.003504, "0.73": 0.00346, "0.74": 0.003376, "0.75": 0.003335, "0.76": 0.003295, "0.77": 0.003217, "0.78": 0.003179, "0.79": 0.003105, "0.8": 0.003069, "0.81": 0.003034, "0.82": 0.002966, "0.83": 0.002932, "0.84": 0.002867, "0.85": 0.002835, "0.86": 0.002804, "0.87": 0.002744, "0.88": 0.002714, "0.89": 0.002656, "0.9": 0.002628, "0.91": 0.002573, "0.92": 0.002546, "0.93": 0.00252, "0.94": 0.002468, "0.95": 0.002443, "0.96": 0.002394, "0.97": 0.00237, "0.98": 0.002346, "0.99": 0.002299, "1.0": 0.002277}