{"0.11": 0.003284, "0.12": 0.002995, "0.13": 0.002751, "0.14": 0.002541, "0.15": 0.00236, "0.16": 0.002201, "0.17": 0.002061, "0.18": 0.001936, "0.19": 0.005179, "0.2": 0.002134, "0.21": 0.00228, "0.22": 0.00241, "0.23": 0.002526, "0.24": 0.002631, "0.25": 0.002679, "0.26": 0.002768, "0.27": 0.002849, "0.28": 0.019248, "0.29": 0.021831, "0.3": 0.024247, "0.31": 0.005082, "0.32": 0.028308, "0.33": 0.029974, "0.34": 0.03117, "0.35": 0.031936, "0.36": 0.032404, "0.37": 0.032635, "0.38": 0.033398, "0.39": 0.033741, "0.4": 0.033787, "0.41": 0.020923, "0.42": 0.022312, "0.43": 0.023355, "0.44": 0.024079, "0.45": 0.033795, "0.46": 0.033925, "0.47": 0.033775, "0.48": 0.026001, "0.49": 0.026134, "0.5": 0.026108, "0.51": 0.026054, "0.52": 0.032547, "0.53": 0.032583, "0.54": 0.026585, "0.55": 0.02685, "0.56": 0.026937, "0.57": 0.026804, "0.58": 0.033631, "0.59": 0.026403, "0.6": 0.034273, "0.61": 0.03448, "0.62": 0.03455, "0.63": 0.034475, "0.64": 0.034226, "0.65": 0.026927, "0.66": 0.033525, "0.67": 0.027593, "0.68": 0.032415, "0.69": 0.028248, "0.7": 0.02848, "0.71": 0.028608, "0.72": 0.028593, "0.73": 0.028442, "0.74": 0.028118, "0.75": 0.027937, "0.76": 0.027539, "0.77": 0.027108, "0.78": 0.026645, "0.79": 0.026154, "0.8": 0.025675, "0.81": 0.025209, "0.82": 0.024756, "0.83": 0.024314, "0.84": 0.023883, "0.85": 0.023463, "0.86": 0.023054, "0.87": 0.022655, "0.88": 0.022266, "0.89": 0.021886, "0.9": 0.021515, "0.91": 0.021153, "0.92": 0.020799, "0.93": 0.021037, "0.94": 0.02024, "0.95": 0.019989, "0.96": 0.019742, "0.97": 0.019501, "0.98": 0.019264, "0.99": 0.019032, "1.0": 0.018917}