{"0.01": 0.040506, "0.08": 0.006583, "0.09": 0.006062, "0.1": 0.005227, "0.11": 0.004888, "0.12": 0.004589, "0.13": 0.011034, "0.14": 0.012061, "0.15": 0.005155, "0.16": 0.00537, "0.17": 0.013738, "0.18": 0.014268, "0.19": 0.014502, "0.2": 0.014726, "0.21": 0.009244, "0.22": 0.009933, "0.23": 0.010241, "0.24": 0.014849, "0.25": 0.015496, "0.26": 0.011182, "0.27": 0.011106, "0.28": 0.017582, "0.29": 0.018344, "0.3": 0.019361, "0.31": 0.020411, "0.32": 0.020776, "0.33": 0.021004, "0.34": 0.02132, "0.35": 0.015468, "0.36": 0.021707, "0.37": 0.022008, "0.38": 0.017479, "0.39": 0.022955, "0.4": 0.017853, "0.41": 0.024391, "0.42": 0.024801, "0.43": 0.025292, "0.44": 0.025383, "0.45": 0.025284, "0.46": 0.025102, "0.47": 0.024837, "0.48": 0.021644, "0.49": 0.021853, "0.5": 0.022008, "0.51": 0.021964, "0.52": 0.021646, "0.53": 0.02138, "0.54": 0.021046, "0.55": 0.020405, "0.56": 0.020096, "0.57": 0.019502, "0.58": 0.019215, "0.59": 0.018663, "0.6": 0.018397, "0.61": 0.018136, "0.62": 0.017634, "0.63": 0.017391, "0.64": 0.016922, "0.65": 0.016695, "0.66": 0.016256, "0.67": 0.016043, "0.68": 0.015835, "0.69": 0.015431, "0.7": 0.015236, "0.71": 0.014856, "0.72": 0.014672, "0.73": 0.014315, "0.74": 0.014141, "0.75": 0.013971, "0.76": 0.01364, "0.77": 0.013479, "0.78": 0.013166, "0.79": 0.013014, "0.8": 0.012718, "0.81": 0.012574, "0.82": 0.012432, "0.83": 0.012157, "0.84": 0.012022, "0.85": 0.014024, "0.86": 0.014256, "0.87": 0.014656, "0.88": 0.014825, "0.89": 0.014937, "0.9": 0.012598, "0.91": 0.015159, "0.92": 0.015212, "0.93": 0.013424, "0.94": 0.015158, "0.95": 0.014903, "0.96": 0.013862, "0.97": 0.013973, "0.98": 0.013979, "0.99": 0.013942, "1.0": 0.013948}