{"0.0": 0.100546, "0.01": 0.076012, "0.02": 0.034376, "0.03": 0.015127, "0.04": 0.002018, "0.05": 0.000741, "0.06": 0.005323, "0.07": 0.001958, "0.08": 0.00072, "0.09": 9.7e-05, "0.1": 0.025954, "0.11": 0.003512, "0.12": 0.038403, "0.13": 0.054067, "0.14": 0.030527, "0.15": 0.013716, "0.16": 0.064892, "0.17": 0.065681, "0.18": 0.075135, "0.19": 0.065975, "0.2": 0.008929, "0.21": 0.028607, "0.22": 0.012854, "0.23": 0.056315, "0.24": 0.041283, "0.25": 0.03473, "0.26": 0.039768, "0.27": 0.047932, "0.28": 0.058554, "0.29": 0.072212, "0.3": 0.07516, "0.31": 0.080287, "0.32": 0.095139, "0.33": 0.082921, "0.34": 0.071575, "0.35": 0.046827, "0.36": 0.070769, "0.37": 0.041812, "0.38": 0.069654, "0.39": 0.054963, "0.4": 0.05516, "0.41": 0.078647, "0.42": 0.086943, "0.43": 0.071262, "0.44": 0.072971, "0.45": 0.084068, "0.46": 0.068414, "0.47": 0.025168, "0.48": 0.009259, "0.49": 0.001253, "0.5": 0.000461, "0.51": 6.2e-05, "0.52": 2.3e-05, "0.53": 3e-06, "0.54": 1e-06, "0.55": 0.0, "0.56": 0.0, "0.57": 0.0, "0.58": 0.0, "0.59": 0.0, "0.6": 0.0, "0.61": 0.0, "0.62": 0.0, "0.63": 0.0, "0.64": 0.0, "0.65": 0.0, "0.66": 0.0, "0.67": 0.0, "0.68": 0.0, "0.69": 0.0, "0.7": 0.0, "0.71": 0.0, "0.72": 0.0, "0.73": 0.0, "0.74": 0.0, "0.75": 0.0, "0.76": 0.0, "0.77": 0.0, "0.78": 0.0, "0.79": 0.0, "0.8": 0.0, "0.81": 0.0, "0.82": 0.009516, "0.83": 0.009002, "0.84": 0.010619, "0.85": 0.037906, "0.86": 0.058226, "0.87": 0.057026, "0.88": 0.081394, "0.89": 0.047063, "0.9": 0.064697, "0.91": 0.023971, "0.92": 0.042017, "0.93": 0.04009, "0.94": 0.022572, "0.95": 0.049093, "0.96": 0.008968, "0.97": 0.011728, "0.98": 0.007093, "0.99": 0.017037, "1.0": 0.040689}