{"0.01": 0.052506, "0.02": 0.028634, "0.03": 0.02386, "0.04": 0.018404, "0.05": 0.016699, "0.07": 0.012519, "0.09": 0.009434, "0.1": 0.008588, "0.13": 0.006882, "0.16": 0.005488, "0.19": 0.004718, "0.22": 0.004011, "0.25": 0.003477, "0.28": 0.003059, "0.31": 0.002723, "0.35": 0.002448, "0.38": 0.002218, "0.41": 0.002075, "0.42": 0.002126, "0.43": 0.002223, "0.44": 0.002269, "0.45": 0.002277, "0.47": 0.002249, "0.5": 0.002157, "0.51": 0.002167, "0.52": 0.002208, "0.53": 0.002217, "0.54": 0.002256, "0.55": 0.002263, "0.56": 0.002201, "0.57": 0.002276, "0.58": 0.002312, "0.59": 0.002317, "0.6": 0.002386, "0.61": 0.002419, "0.62": 0.002484, "0.63": 0.002516, "0.64": 0.002577, "0.65": 0.002635, "0.69": 0.002482, "0.72": 0.002373, "0.75": 0.00227, "0.78": 0.00215, "0.81": 0.002039, "0.83": 0.002008, "0.84": 0.001987, "0.87": 0.00189, "0.89": 0.001884, "0.9": 0.001944, "0.91": 0.002002, "0.92": 0.002031, "0.93": 0.002086, "0.94": 0.002141, "0.95": 0.002167, "0.96": 0.002219, "0.98": 0.00225, "0.99": 0.002299, "1.0": 0.002323}