{"0.05": 0.000566, "0.06": 0.000478, "0.07": 0.000412, "0.08": 0.000362, "0.09": 0.000322, "0.1": 0.012855, "0.11": 0.015658, "0.12": 0.019461, "0.13": 0.024837, "0.14": 0.028544, "0.15": 0.032699, "0.16": 0.034249, "0.17": 0.034643, "0.18": 0.034073, "0.19": 0.033233, "0.2": 0.025896, "0.21": 0.026791, "0.22": 0.026869, "0.23": 0.026238, "0.24": 0.025062, "0.25": 0.023542, "0.26": 0.022499, "0.27": 0.021532, "0.28": 0.020631, "0.29": 0.019791, "0.3": 0.019005, "0.31": 0.018269, "0.32": 0.017578, "0.33": 0.016928, "0.34": 0.016315, "0.35": 0.021936, "0.36": 0.023847, "0.37": 0.025296, "0.38": 0.026146, "0.39": 0.026447, "0.4": 0.026242, "0.41": 0.026069, "0.42": 0.022482, "0.43": 0.022954, "0.44": 0.022971, "0.45": 0.022345, "0.46": 0.021697, "0.47": 0.021077, "0.48": 0.020482, "0.49": 0.019912, "0.5": 0.019364, "0.51": 0.018839, "0.52": 0.018333, "0.53": 0.017847, "0.54": 0.01738, "0.55": 0.016783, "0.56": 0.016355, "0.57": 0.015942, "0.58": 0.015543, "0.59": 0.015158, "0.6": 0.014787, "0.61": 0.014428, "0.62": 0.014081, "0.63": 0.013745, "0.64": 0.017374, "0.65": 0.018665, "0.66": 0.019299, "0.67": 0.019923, "0.68": 0.02069, "0.69": 0.020967, "0.7": 0.022346, "0.71": 0.023455, "0.72": 0.024533, "0.73": 0.025234, "0.74": 0.026672, "0.75": 0.028126, "0.76": 0.029182, "0.77": 0.030094, "0.78": 0.030983, "0.79": 0.03185, "0.8": 0.032695, "0.81": 0.033518, "0.82": 0.034423, "0.83": 0.035305, "0.84": 0.036163, "0.85": 0.037273, "0.86": 0.03801, "0.87": 0.038693, "0.88": 0.039361, "0.89": 0.039943, "0.9": 0.040301, "0.91": 0.041069, "0.92": 0.041679, "0.93": 0.042078, "0.94": 0.042923, "0.95": 0.043805, "0.96": 0.04306, "0.97": 0.042333, "0.98": 0.041622, "0.99": 0.040928, "1.0": 0.040475}