{"0.02": 0.034307, "0.03": 0.033103, "0.04": 0.032036, "0.07": 0.023957, "0.08": 0.006138, "0.09": 0.022058, "0.1": 0.021921, "0.11": 0.011212, "0.12": 0.011501, "0.13": 0.011734, "0.14": 0.011923, "0.15": 0.031813, "0.16": 0.034876, "0.17": 0.037408, "0.18": 0.039499, "0.19": 0.040913, "0.2": 0.0419, "0.21": 0.042384, "0.22": 0.042837, "0.23": 0.043262, "0.24": 0.043292, "0.25": 0.043241, "0.26": 0.02937, "0.27": 0.043233, "0.28": 0.043867, "0.29": 0.044594, "0.3": 0.045278, "0.31": 0.032839, "0.32": 0.046415, "0.33": 0.047336, "0.34": 0.047925, "0.35": 0.04812, "0.36": 0.048135, "0.37": 0.048013, "0.38": 0.047258, "0.39": 0.046743, "0.4": 0.046501, "0.41": 0.038915, "0.42": 0.045394, "0.43": 0.039219, "0.44": 0.038986, "0.45": 0.044127, "0.46": 0.044045, "0.47": 0.043763, "0.48": 0.037955, "0.49": 0.037724, "0.5": 0.037549, "0.51": 0.041796, "0.52": 0.041326, "0.53": 0.040748, "0.54": 0.037012, "0.55": 0.036649, "0.56": 0.036241, "0.57": 0.035843, "0.58": 0.039126, "0.59": 0.035141, "0.6": 0.039342, "0.61": 0.039611, "0.62": 0.039741, "0.63": 0.040006, "0.64": 0.04014, "0.65": 0.033889, "0.66": 0.040348, "0.67": 0.040475, "0.68": 0.04059, "0.69": 0.040982, "0.7": 0.04114, "0.71": 0.041656, "0.72": 0.041899, "0.73": 0.042029, "0.74": 0.042205, "0.75": 0.042293, "0.76": 0.042317, "0.77": 0.042147, "0.78": 0.041884, "0.79": 0.036966, "0.8": 0.037123, "0.81": 0.040491, "0.82": 0.040215, "0.83": 0.037443, "0.84": 0.037288, "0.85": 0.037009, "0.86": 0.036613, "0.87": 0.036225, "0.88": 0.035803, "0.89": 0.035232, "0.9": 0.034635, "0.91": 0.034052, "0.92": 0.033483, "0.93": 0.03351, "0.94": 0.032507, "0.95": 0.032055, "0.96": 0.031613, "0.97": 0.031179, "0.98": 0.030755, "0.99": 0.030339, "1.0": 0.030134}