{"video": "washingDish3", "cate": "Washing dishes", "video_info": {"washingDish3": {"fps": 30, "annotation": [{"segment": [40.333333333333336, 54.666666666666664], "label": "Washing dishes"}]}, "washingDish2": {"fps": 30, "annotation": []}, "washingDish1": {"fps": 30, "annotation": []}, "washingDish": {"fps": 30, "annotation": []}}, "result_clips": [[138, 139, 140, 141, 142, 143, 144, 145, 146, 147], [139, 140, 141, 142, 143, 144, 145, 146, 147, 148], [140, 141, 142, 143, 144, 145, 146, 147, 148, 149], [141, 142, 143, 144, 145, 146, 147, 148, 149, 150], [142, 143, 144, 145, 146, 147, 148, 149, 150, 151], [143, 144, 145, 146, 147, 148, 149, 150, 151, 152], [144, 145, 146, 147, 148, 149, 150, 151, 152, 153], [145, 146, 147, 148, 149, 150, 151, 152, 153, 154], [146, 147, 148, 149, 150, 151, 152, 153, 154, 155]], "od_window_size": 10, "total_clips": 348}