{"0.08": 0.006176, "0.09": 0.005687, "0.1": 0.004904, "0.11": 0.004585, "0.12": 0.004305, "0.13": 0.003832, "0.14": 0.003631, "0.15": 0.003284, "0.16": 0.003134, "0.17": 0.002868, "0.18": 0.002751, "0.19": 0.002642, "0.2": 0.002447, "0.21": 0.00236, "0.22": 0.002201, "0.23": 0.002129, "0.24": 0.001997, "0.25": 0.001936, "0.26": 0.001879, "0.27": 0.001774, "0.28": 0.001725, "0.29": 0.001634, "0.3": 0.001592, "0.31": 0.001514, "0.32": 0.001477, "0.33": 0.001442, "0.34": 0.001376, "0.35": 0.001345, "0.36": 0.001286, "0.37": 0.001259, "0.38": 0.001207, "0.39": 0.001182, "0.4": 0.001158, "0.41": 0.001113, "0.42": 0.001092, "0.43": 0.001051, "0.44": 0.001031, "0.45": 0.000994, "0.46": 0.000977, "0.47": 0.00096, "0.48": 0.00491, "0.49": 0.005687, "0.5": 0.007176, "0.51": 0.007889, "0.52": 0.009258, "0.53": 0.009915, "0.54": 0.010555, "0.55": 0.011786, "0.56": 0.012378, "0.57": 0.013518, "0.58": 0.014067, "0.59": 0.015126, "0.6": 0.015636, "0.61": 0.016135, "0.62": 0.017099, "0.63": 0.017564, "0.64": 0.018464, "0.65": 0.018899, "0.66": 0.019742, "0.67": 0.020149, "0.68": 0.020549, "0.69": 0.021323, "0.7": 0.021698, "0.71": 0.022425, "0.72": 0.022778, "0.73": 0.023464, "0.74": 0.023796, "0.75": 0.024123, "0.76": 0.024695, "0.77": 0.024882, "0.78": 0.025066, "0.79": 0.025067, "0.8": 0.024896, "0.81": 0.024727, "0.82": 0.022455, "0.83": 0.022765, "0.84": 0.022835, "0.85": 0.02281, "0.86": 0.022719, "0.87": 0.022386, "0.88": 0.022147, "0.89": 0.021912, "0.9": 0.021453, "0.91": 0.021229, "0.92": 0.020792, "0.93": 0.020579, "0.94": 0.020162, "0.95": 0.019958, "0.96": 0.019757, "0.97": 0.019365, "0.98": 0.019173, "0.99": 0.018797, "1.0": 0.018614}