{"0.06": 0.006176, "0.07": 0.005267, "0.08": 0.004585, "0.09": 0.004055, "0.1": 0.003631, "0.11": 0.003284, "0.12": 0.002995, "0.13": 0.002751, "0.14": 0.002541, "0.15": 0.00236, "0.16": 0.002201, "0.17": 0.002061, "0.18": 0.001936, "0.19": 0.003266, "0.2": 0.002134, "0.21": 0.00228, "0.22": 0.00241, "0.23": 0.002526, "0.24": 0.00252, "0.25": 0.002462, "0.26": 0.002353, "0.27": 0.002252, "0.28": 0.006033, "0.29": 0.007218, "0.3": 0.008328, "0.31": 0.004237, "0.32": 0.010625, "0.33": 0.011977, "0.34": 0.013157, "0.35": 0.01427, "0.36": 0.015235, "0.37": 0.015569, "0.38": 0.01611, "0.39": 0.016155, "0.4": 0.01606, "0.41": 0.013877, "0.42": 0.01418, "0.43": 0.014256, "0.44": 0.014056, "0.45": 0.016187, "0.46": 0.016362, "0.47": 0.016259, "0.48": 0.014212, "0.49": 0.014473, "0.5": 0.014598, "0.51": 0.014654, "0.52": 0.016035, "0.53": 0.015949, "0.54": 0.014488, "0.55": 0.014492, "0.56": 0.014493, "0.57": 0.014435, "0.58": 0.015322, "0.59": 0.014007, "0.6": 0.015951, "0.61": 0.016328, "0.62": 0.016539, "0.63": 0.016876, "0.64": 0.017001, "0.65": 0.014923, "0.66": 0.016839, "0.67": 0.015456, "0.68": 0.01641, "0.69": 0.015518, "0.7": 0.015401, "0.71": 0.015193, "0.72": 0.014989, "0.73": 0.014699, "0.74": 0.014416, "0.75": 0.014278, "0.76": 0.014008, "0.77": 0.013745, "0.78": 0.013489, "0.79": 0.01324, "0.8": 0.012998, "0.81": 0.012762, "0.82": 0.012532, "0.83": 0.012309, "0.84": 0.012091, "0.85": 0.011878, "0.86": 0.011671, "0.87": 0.011469, "0.88": 0.011272, "0.89": 0.011079, "0.9": 0.010892, "0.91": 0.010708, "0.92": 0.010529, "0.93": 0.010771, "0.94": 0.010307, "0.95": 0.010218, "0.96": 0.010131, "0.97": 0.010045, "0.98": 0.009922, "0.99": 0.009764, "1.0": 0.009686}