{"0.01": 0.001545, "0.02": 0.000187, "0.03": 2.5e-05, "0.04": 3e-06, "0.05": 0.0, "0.06": 0.0, "0.07": 0.0, "0.08": 0.0, "0.09": 0.0, "0.1": 0.0, "0.11": 0.0, "0.12": 0.0, "0.13": 0.0, "0.14": 0.0, "0.15": 0.0, "0.16": 0.0, "0.17": 0.0, "0.18": 0.009516, "0.19": 0.024078, "0.2": 0.003259, "0.21": 0.006832, "0.22": 0.002513, "0.23": 0.00034, "0.24": 4.6e-05, "0.25": 6e-06, "0.26": 0.059343, "0.27": 0.093919, "0.28": 0.099177, "0.29": 0.099889, "0.3": 0.099983, "0.31": 0.099998, "0.32": 0.093621, "0.33": 0.099137, "0.34": 0.099883, "0.35": 0.099983, "0.36": 0.097131, "0.37": 0.099571, "0.38": 0.099942, "0.39": 0.099992, "0.4": 0.090482, "0.41": 0.012245, "0.42": 0.076697, "0.43": 0.096515, "0.44": 0.099528, "0.45": 0.099929, "0.46": 0.09999, "0.47": 0.04751, "0.48": 0.059299, "0.49": 0.092145, "0.5": 0.077027, "0.51": 0.092031, "0.52": 0.098808, "0.53": 0.076282, "0.54": 0.012609, "0.55": 0.08598, "0.56": 0.098103, "0.57": 0.099743, "0.58": 0.099962, "0.59": 0.099995, "0.6": 0.087178, "0.61": 0.098082, "0.62": 0.098477, "0.63": 0.099772, "0.64": 0.099969, "0.65": 0.099995, "0.66": 0.014956, "0.67": 0.057602, "0.68": 0.008615, "0.69": 0.029208, "0.7": 0.031242, "0.71": 0.007225, "0.72": 0.003974, "0.73": 0.010319, "0.74": 0.002545, "0.75": 0.007394, "0.76": 0.001001, "0.77": 0.000135, "0.78": 0.018136, "0.79": 0.021671, "0.8": 0.003582, "0.81": 0.000485, "0.82": 6.6e-05, "0.83": 0.050347, "0.84": 0.09328, "0.85": 0.098995, "0.86": 0.099864, "0.87": 0.09998, "0.88": 0.099997, "0.89": 0.1, "0.9": 0.1, "0.91": 0.1, "0.92": 0.1, "0.93": 0.1, "0.94": 0.1, "0.95": 0.1, "0.96": 0.1, "0.97": 0.1, "0.98": 0.1, "0.99": 0.1, "1.0": 0.1}