{"0.11": 0.003284, "0.12": 0.002995, "0.13": 0.002751, "0.14": 0.002541, "0.15": 0.00236, "0.16": 0.002201, "0.17": 0.002061, "0.18": 0.001936, "0.19": 0.001825, "0.2": 0.001725, "0.21": 0.001634, "0.22": 0.001552, "0.23": 0.001477, "0.24": 0.001408, "0.25": 0.001376, "0.26": 0.001315, "0.27": 0.001259, "0.28": 0.017342, "0.29": 0.020002, "0.3": 0.022489, "0.31": 0.003391, "0.32": 0.026679, "0.33": 0.028404, "0.34": 0.029654, "0.35": 0.030472, "0.36": 0.030897, "0.37": 0.030973, "0.38": 0.030781, "0.39": 0.030369, "0.4": 0.030054, "0.41": 0.019715, "0.42": 0.021139, "0.43": 0.022216, "0.44": 0.022972, "0.45": 0.02343, "0.46": 0.023611, "0.47": 0.023595, "0.48": 0.023396, "0.49": 0.022967, "0.5": 0.022671, "0.51": 0.022098, "0.52": 0.021547, "0.53": 0.021019, "0.54": 0.02051, "0.55": 0.020021, "0.56": 0.01955, "0.57": 0.019096, "0.58": 0.018659, "0.59": 0.018237, "0.6": 0.01783, "0.61": 0.017437, "0.62": 0.017057, "0.63": 0.01669, "0.64": 0.019993, "0.65": 0.016355, "0.66": 0.019737, "0.67": 0.016288, "0.68": 0.019189, "0.69": 0.016412, "0.7": 0.016466, "0.71": 0.016514, "0.72": 0.016557, "0.73": 0.016596, "0.74": 0.016499, "0.75": 0.016429, "0.76": 0.016249, "0.77": 0.01603, "0.78": 0.015774, "0.79": 0.015483, "0.8": 0.015199, "0.81": 0.014924, "0.82": 0.014655, "0.83": 0.014393, "0.84": 0.014139, "0.85": 0.01389, "0.86": 0.013648, "0.87": 0.013411, "0.88": 0.013181, "0.89": 0.012956, "0.9": 0.012737, "0.91": 0.012522, "0.92": 0.012313, "0.93": 0.012691, "0.94": 0.012032, "0.95": 0.011915, "0.96": 0.0118, "0.97": 0.011687, "0.98": 0.011576, "0.99": 0.011467, "1.0": 0.011412}