{"0.04": 0.010722, "0.05": 0.009358, "0.06": 0.007449, "0.07": 0.006176, "0.08": 0.005687, "0.09": 0.004904, "0.1": 0.004305, "0.11": 0.004055, "0.12": 0.003631, "0.13": 0.006214, "0.14": 0.007949, "0.15": 0.009405, "0.16": 0.01005, "0.17": 0.0112, "0.18": 0.011715, "0.19": 0.012646, "0.2": 0.013464, "0.21": 0.013837, "0.22": 0.014521, "0.23": 0.015132, "0.24": 0.015414, "0.25": 0.015937, "0.26": 0.016179, "0.27": 0.016631, "0.28": 0.017044, "0.29": 0.017237, "0.3": 0.017599, "0.31": 0.017933, "0.32": 0.01809, "0.33": 0.018387, "0.34": 0.018528, "0.35": 0.018793, "0.36": 0.019041, "0.37": 0.019158, "0.38": 0.019382, "0.39": 0.019489, "0.4": 0.019692, "0.41": 0.019883, "0.42": 0.019974, "0.43": 0.019892, "0.44": 0.019727, "0.45": 0.018843, "0.46": 0.018478, "0.47": 0.018186, "0.48": 0.017626, "0.49": 0.017094, "0.5": 0.016838, "0.51": 0.016345, "0.52": 0.015875, "0.53": 0.015648, "0.54": 0.015211, "0.55": 0.015, "0.56": 0.014591, "0.57": 0.014201, "0.58": 0.014012, "0.59": 0.013646, "0.6": 0.013296, "0.61": 0.013126, "0.62": 0.012797, "0.63": 0.012637, "0.64": 0.012327, "0.65": 0.012029, "0.66": 0.012367, "0.67": 0.012552, "0.68": 0.012701, "0.69": 0.012989, "0.7": 0.01321, "0.71": 0.01323, "0.72": 0.013194, "0.73": 0.012701, "0.74": 0.012615, "0.75": 0.01234, "0.76": 0.012806, "0.77": 0.01307, "0.78": 0.013326, "0.79": 0.013451, "0.8": 0.013641, "0.81": 0.013775, "0.82": 0.013173, "0.83": 0.013865, "0.84": 0.013826, "0.85": 0.013401, "0.86": 0.01358, "0.87": 0.013249, "0.88": 0.013379, "0.89": 0.013104, "0.9": 0.012947, "0.91": 0.012748, "0.92": 0.012627, "0.93": 0.012389, "0.94": 0.012159, "0.95": 0.012046, "0.96": 0.011825, "0.97": 0.012223, "0.98": 0.012228, "0.99": 0.012163, "1.0": 0.01199}