{"0.01": 0.040506, "0.11": 0.004888, "0.12": 0.004589, "0.13": 0.019499, "0.14": 0.020083, "0.15": 0.005155, "0.16": 0.00537, "0.17": 0.021751, "0.18": 0.022269, "0.19": 0.022605, "0.2": 0.022926, "0.21": 0.009753, "0.22": 0.011042, "0.23": 0.01162, "0.24": 0.025172, "0.25": 0.026792, "0.26": 0.013508, "0.27": 0.014227, "0.28": 0.029514, "0.29": 0.03024, "0.3": 0.031324, "0.31": 0.032305, "0.32": 0.032768, "0.33": 0.033214, "0.34": 0.034061, "0.35": 0.019592, "0.36": 0.035337, "0.37": 0.035911, "0.38": 0.022636, "0.39": 0.037295, "0.4": 0.023654, "0.41": 0.0382, "0.42": 0.038345, "0.43": 0.03833, "0.44": 0.038181, "0.45": 0.037622, "0.46": 0.037221, "0.47": 0.036744, "0.48": 0.029171, "0.49": 0.029571, "0.5": 0.030171, "0.51": 0.030377, "0.52": 0.030541, "0.53": 0.030506, "0.54": 0.030398, "0.55": 0.029971, "0.56": 0.029659, "0.57": 0.028851, "0.58": 0.028427, "0.59": 0.02761, "0.6": 0.027216, "0.61": 0.026831, "0.62": 0.026088, "0.63": 0.025729, "0.64": 0.025035, "0.65": 0.024699, "0.66": 0.024049, "0.67": 0.023734, "0.68": 0.023426, "0.69": 0.022829, "0.7": 0.02254, "0.71": 0.021978, "0.72": 0.021706, "0.73": 0.021177, "0.74": 0.020921, "0.75": 0.020669, "0.76": 0.020179, "0.77": 0.019941, "0.78": 0.019479, "0.79": 0.019254, "0.8": 0.018815, "0.81": 0.018602, "0.82": 0.018393, "0.83": 0.017985, "0.84": 0.017786, "0.85": 0.02195, "0.86": 0.022269, "0.87": 0.022723, "0.88": 0.022862, "0.89": 0.022944, "0.9": 0.017828, "0.91": 0.022705, "0.92": 0.022289, "0.93": 0.018586, "0.94": 0.021886, "0.95": 0.021495, "0.96": 0.01962, "0.97": 0.019943, "0.98": 0.020029, "0.99": 0.020058, "1.0": 0.020097}