{"0.04": 0.000748, "0.05": 0.000566, "0.06": 0.000478, "0.07": 0.000412, "0.08": 0.000362, "0.09": 0.000322, "0.1": 0.005741, "0.11": 0.007482, "0.12": 0.009678, "0.13": 0.013277, "0.14": 0.015864, "0.15": 0.019117, "0.16": 0.02122, "0.17": 0.022435, "0.18": 0.022597, "0.19": 0.022204, "0.2": 0.019229, "0.21": 0.019231, "0.22": 0.018493, "0.23": 0.017582, "0.24": 0.016745, "0.25": 0.015729, "0.26": 0.015033, "0.27": 0.014386, "0.28": 0.013785, "0.29": 0.013223, "0.3": 0.012698, "0.31": 0.012206, "0.32": 0.011744, "0.33": 0.01131, "0.34": 0.010901, "0.35": 0.013138, "0.36": 0.014441, "0.37": 0.015675, "0.38": 0.016787, "0.39": 0.017392, "0.4": 0.017478, "0.41": 0.017398, "0.42": 0.016001, "0.43": 0.015952, "0.44": 0.015521, "0.45": 0.014913, "0.46": 0.014481, "0.47": 0.014067, "0.48": 0.01367, "0.49": 0.013289, "0.5": 0.012924, "0.51": 0.012573, "0.52": 0.012236, "0.53": 0.011911, "0.54": 0.011599, "0.55": 0.011201, "0.56": 0.010915, "0.57": 0.010639, "0.58": 0.010373, "0.59": 0.010117, "0.6": 0.009869, "0.61": 0.009629, "0.62": 0.009398, "0.63": 0.009174, "0.64": 0.010801, "0.65": 0.011805, "0.66": 0.012434, "0.67": 0.01273, "0.68": 0.013058, "0.69": 0.013192, "0.7": 0.014075, "0.71": 0.01478, "0.72": 0.015466, "0.73": 0.015913, "0.74": 0.016855, "0.75": 0.017833, "0.76": 0.018542, "0.77": 0.019232, "0.78": 0.019866, "0.79": 0.02041, "0.8": 0.020942, "0.81": 0.021461, "0.82": 0.022069, "0.83": 0.022662, "0.84": 0.023239, "0.85": 0.023985, "0.86": 0.024529, "0.87": 0.025058, "0.88": 0.025471, "0.89": 0.025875, "0.9": 0.026139, "0.91": 0.02662, "0.92": 0.026996, "0.93": 0.027242, "0.94": 0.027789, "0.95": 0.028381, "0.96": 0.028814, "0.97": 0.028942, "0.98": 0.028487, "0.99": 0.028042, "1.0": 0.027751}