{"0.01": 0.040506, "0.02": 0.032906, "0.03": 0.031387, "0.04": 0.027449, "0.1": 0.014387, "0.11": 0.008166, "0.12": 0.009051, "0.13": 0.009077, "0.14": 0.008691, "0.15": 0.008363, "0.16": 0.008216, "0.17": 0.007952, "0.18": 0.007832, "0.19": 0.007613, "0.2": 0.007115, "0.21": 0.006888, "0.22": 0.006472, "0.23": 0.0061, "0.24": 0.005928, "0.25": 0.00561, "0.26": 0.005462, "0.27": 0.005187, "0.28": 0.004936, "0.29": 0.004818, "0.3": 0.004598, "0.31": 0.004394, "0.32": 0.004299, "0.33": 0.004118, "0.34": 0.004032, "0.35": 0.003871, "0.36": 0.00372, "0.37": 0.003648, "0.38": 0.003512, "0.39": 0.003447, "0.4": 0.003324, "0.41": 0.009058, "0.42": 0.009427, "0.43": 0.009964, "0.44": 0.010228, "0.45": 0.004892, "0.46": 0.00551, "0.47": 0.011387, "0.48": 0.006593, "0.49": 0.007258, "0.5": 0.007575, "0.51": 0.013995, "0.52": 0.014541, "0.53": 0.015601, "0.54": 0.016185, "0.55": 0.017317, "0.56": 0.009801, "0.57": 0.019909, "0.58": 0.020534, "0.59": 0.021077, "0.6": 0.022297, "0.61": 0.022596, "0.62": 0.022981, "0.63": 0.023072, "0.64": 0.023126, "0.65": 0.022997, "0.66": 0.017359, "0.67": 0.018257, "0.68": 0.018607, "0.69": 0.019225, "0.7": 0.019598, "0.71": 0.019698, "0.72": 0.020894, "0.73": 0.019718, "0.74": 0.019606, "0.75": 0.019285, "0.76": 0.019128, "0.77": 0.018822, "0.78": 0.018524, "0.79": 0.018379, "0.8": 0.018094, "0.81": 0.017769, "0.82": 0.017587, "0.83": 0.01723, "0.84": 0.017056, "0.85": 0.016716, "0.86": 0.016385, "0.87": 0.016224, "0.88": 0.015908, "0.89": 0.020964, "0.9": 0.021945, "0.91": 0.022899, "0.92": 0.022729, "0.93": 0.022396, "0.94": 0.022072, "0.95": 0.021914, "0.96": 0.021603, "0.97": 0.018495, "0.98": 0.021107, "0.99": 0.020817, "1.0": 0.020675}