{"0.11": 0.004585, "0.12": 0.004305, "0.13": 0.003832, "0.14": 0.003631, "0.15": 0.003284, "0.16": 0.003134, "0.17": 0.002868, "0.18": 0.002751, "0.19": 0.002642, "0.2": 0.002447, "0.21": 0.00236, "0.22": 0.002201, "0.23": 0.002129, "0.24": 0.001997, "0.25": 0.001936, "0.26": 0.001879, "0.27": 0.001774, "0.28": 0.001725, "0.29": 0.001634, "0.3": 0.001592, "0.31": 0.001514, "0.32": 0.001477, "0.33": 0.001442, "0.34": 0.001376, "0.35": 0.001345, "0.36": 0.001286, "0.37": 0.001259, "0.38": 0.001207, "0.39": 0.001182, "0.4": 0.001158, "0.41": 0.001113, "0.42": 0.001092, "0.43": 0.001051, "0.44": 0.001031, "0.45": 0.000994, "0.46": 0.000977, "0.47": 0.00096, "0.48": 0.010184, "0.49": 0.011318, "0.5": 0.013491, "0.51": 0.014532, "0.52": 0.01653, "0.53": 0.017489, "0.54": 0.018423, "0.55": 0.020219, "0.56": 0.021083, "0.57": 0.022747, "0.58": 0.023549, "0.59": 0.025094, "0.6": 0.025839, "0.61": 0.026567, "0.62": 0.027974, "0.63": 0.028653, "0.64": 0.029966, "0.65": 0.030602, "0.66": 0.031831, "0.67": 0.032426, "0.68": 0.033009, "0.69": 0.034139, "0.7": 0.034686, "0.71": 0.035748, "0.72": 0.036263, "0.73": 0.037069, "0.74": 0.037364, "0.75": 0.03759, "0.76": 0.037844, "0.77": 0.037875, "0.78": 0.037758, "0.79": 0.037612, "0.8": 0.037155, "0.81": 0.036848, "0.82": 0.031435, "0.83": 0.032068, "0.84": 0.032295, "0.85": 0.032577, "0.86": 0.032636, "0.87": 0.032595, "0.88": 0.032498, "0.89": 0.032352, "0.9": 0.03192, "0.91": 0.031636, "0.92": 0.030984, "0.93": 0.030666, "0.94": 0.030044, "0.95": 0.029741, "0.96": 0.029442, "0.97": 0.028857, "0.98": 0.028571, "0.99": 0.028012, "1.0": 0.027738}