{"0.02": 0.023702, "0.03": 0.029637, "0.04": 0.032054, "0.05": 0.033253, "0.06": 0.032556, "0.07": 0.030852, "0.08": 0.027902, "0.09": 0.017667, "0.1": 0.018771, "0.11": 0.019074, "0.12": 0.01824, "0.13": 0.017025, "0.14": 0.015741, "0.15": 0.014281, "0.16": 0.013336, "0.17": 0.012497, "0.18": 0.011747, "0.19": 0.011072, "0.2": 0.010462, "0.21": 0.018874, "0.22": 0.021504, "0.23": 0.02322, "0.24": 0.024639, "0.25": 0.026586, "0.26": 0.027495, "0.27": 0.018932, "0.28": 0.031201, "0.29": 0.032865, "0.3": 0.034214, "0.31": 0.035071, "0.32": 0.035282, "0.33": 0.03504, "0.34": 0.034317, "0.35": 0.034024, "0.36": 0.030087, "0.37": 0.029976, "0.38": 0.029449, "0.39": 0.028641, "0.4": 0.027723, "0.41": 0.033076, "0.42": 0.034286, "0.43": 0.035334, "0.44": 0.035866, "0.45": 0.037285, "0.46": 0.037996, "0.47": 0.038379, "0.48": 0.038693, "0.49": 0.038901, "0.5": 0.039042, "0.51": 0.039302, "0.52": 0.039829, "0.53": 0.040886, "0.54": 0.041841, "0.55": 0.043059, "0.56": 0.043934, "0.57": 0.044778, "0.58": 0.045591, "0.59": 0.046245, "0.6": 0.046487, "0.61": 0.046342, "0.62": 0.045832, "0.63": 0.0453, "0.64": 0.041775, "0.65": 0.041731, "0.66": 0.04131, "0.67": 0.040576, "0.68": 0.039652, "0.69": 0.038755, "0.7": 0.037886, "0.71": 0.037043, "0.72": 0.036224, "0.73": 0.035429, "0.74": 0.034658, "0.75": 0.033662, "0.76": 0.032941, "0.77": 0.032239, "0.78": 0.031556, "0.79": 0.030892, "0.8": 0.030247, "0.81": 0.029618, "0.82": 0.029006, "0.83": 0.02841, "0.84": 0.02783, "0.85": 0.027079, "0.86": 0.026533, "0.87": 0.026001, "0.88": 0.025482, "0.89": 0.024976, "0.9": 0.024482, "0.91": 0.024001, "0.92": 0.023531, "0.93": 0.023073, "0.94": 0.022625, "0.95": 0.022045, "0.96": 0.021622, "0.97": 0.021209, "0.98": 0.020805, "0.99": 0.020411, "1.0": 0.020153}