{"0.02": 0.038366, "0.03": 0.036696, "0.04": 0.035108, "0.07": 0.025466, "0.09": 0.022965, "0.1": 0.021269, "0.11": 0.006447, "0.12": 0.008564, "0.13": 0.009594, "0.14": 0.009945, "0.15": 0.01024, "0.16": 0.010488, "0.17": 0.010554, "0.18": 0.01047, "0.19": 0.01013, "0.2": 0.009574, "0.21": 0.009071, "0.22": 0.008614, "0.23": 0.008197, "0.24": 0.007814, "0.25": 0.007635, "0.26": 0.007298, "0.27": 0.006986, "0.28": 0.022832, "0.29": 0.025272, "0.3": 0.027553, "0.31": 0.008264, "0.32": 0.031372, "0.33": 0.032929, "0.34": 0.034021, "0.35": 0.03469, "0.36": 0.034975, "0.37": 0.034984, "0.38": 0.0346, "0.39": 0.034069, "0.4": 0.033697, "0.41": 0.023196, "0.42": 0.024518, "0.43": 0.025498, "0.44": 0.026161, "0.45": 0.02653, "0.46": 0.026627, "0.47": 0.026531, "0.48": 0.026254, "0.49": 0.025751, "0.5": 0.025419, "0.51": 0.024776, "0.52": 0.024159, "0.53": 0.023566, "0.54": 0.022996, "0.55": 0.022448, "0.56": 0.02192, "0.57": 0.021411, "0.58": 0.020921, "0.59": 0.020448, "0.6": 0.019992, "0.61": 0.019551, "0.62": 0.019125, "0.63": 0.018713, "0.64": 0.023504, "0.65": 0.018294, "0.66": 0.023421, "0.67": 0.023198, "0.68": 0.023062, "0.69": 0.018788, "0.7": 0.018987, "0.71": 0.019175, "0.72": 0.019352, "0.73": 0.019518, "0.74": 0.019544, "0.75": 0.019534, "0.76": 0.019468, "0.77": 0.019274, "0.78": 0.018957, "0.79": 0.018608, "0.8": 0.018267, "0.81": 0.017936, "0.82": 0.017613, "0.83": 0.017299, "0.84": 0.016992, "0.85": 0.016694, "0.86": 0.016402, "0.87": 0.016118, "0.88": 0.015841, "0.89": 0.015571, "0.9": 0.015307, "0.91": 0.01505, "0.92": 0.014798, "0.93": 0.015135, "0.94": 0.014435, "0.95": 0.014279, "0.96": 0.014126, "0.97": 0.013976, "0.98": 0.013828, "0.99": 0.013682, "1.0": 0.01361}