{"0.01": 0.040506, "0.02": 0.031562, "0.03": 0.029242, "0.04": 0.0244, "0.07": 0.0099, "0.08": 0.010642, "0.09": 0.010828, "0.1": 0.012857, "0.11": 0.009806, "0.12": 0.009297, "0.13": 0.009077, "0.14": 0.008691, "0.15": 0.008363, "0.16": 0.008216, "0.17": 0.00759, "0.18": 0.00731, "0.19": 0.006803, "0.2": 0.006358, "0.21": 0.006155, "0.22": 0.005784, "0.23": 0.005451, "0.24": 0.005298, "0.25": 0.005013, "0.26": 0.004881, "0.27": 0.004635, "0.28": 0.004411, "0.29": 0.004306, "0.3": 0.004109, "0.31": 0.003927, "0.32": 0.003841, "0.33": 0.00368, "0.34": 0.003604, "0.35": 0.003459, "0.36": 0.003324, "0.37": 0.00326, "0.38": 0.003139, "0.39": 0.003081, "0.4": 0.00297, "0.41": 0.006047, "0.42": 0.006467, "0.43": 0.007014, "0.44": 0.00715, "0.45": 0.004584, "0.46": 0.005212, "0.47": 0.00731, "0.48": 0.006089, "0.49": 0.00627, "0.5": 0.006249, "0.51": 0.008722, "0.52": 0.009039, "0.53": 0.009653, "0.54": 0.010021, "0.55": 0.010592, "0.56": 0.007721, "0.57": 0.012136, "0.58": 0.012584, "0.59": 0.013023, "0.6": 0.014352, "0.61": 0.014753, "0.62": 0.015335, "0.63": 0.015521, "0.64": 0.015695, "0.65": 0.015618, "0.66": 0.013299, "0.67": 0.013847, "0.68": 0.014026, "0.69": 0.014204, "0.7": 0.014153, "0.71": 0.014046, "0.72": 0.014294, "0.73": 0.013591, "0.74": 0.013495, "0.75": 0.013308, "0.76": 0.013216, "0.77": 0.013036, "0.78": 0.012811, "0.79": 0.012676, "0.8": 0.012412, "0.81": 0.012156, "0.82": 0.012031, "0.83": 0.011787, "0.84": 0.011668, "0.85": 0.011435, "0.86": 0.011209, "0.87": 0.011099, "0.88": 0.010883, "0.89": 0.013041, "0.9": 0.013769, "0.91": 0.014476, "0.92": 0.014772, "0.93": 0.015354, "0.94": 0.01592, "0.95": 0.015819, "0.96": 0.01562, "0.97": 0.013663, "0.98": 0.015287, "0.99": 0.015102, "1.0": 0.015011}