{"0.04": 0.0165, "0.07": 0.008888, "0.1": 0.006033, "0.13": 0.004789, "0.14": 0.004808, "0.15": 0.004825, "0.16": 0.004832, "0.17": 0.004845, "0.18": 0.00485, "0.19": 0.004861, "0.2": 0.00487, "0.21": 0.004874, "0.22": 0.004882, "0.23": 0.004888, "0.24": 0.004892, "0.25": 0.004897, "0.26": 0.0049, "0.27": 0.004905, "0.28": 0.00491, "0.29": 0.004912, "0.3": 0.004916, "0.31": 0.00492, "0.32": 0.004921, "0.33": 0.004925, "0.34": 0.004926, "0.35": 0.004929, "0.36": 0.004932, "0.37": 0.004933, "0.38": 0.004936, "0.39": 0.004937, "0.4": 0.004939, "0.41": 0.004941, "0.42": 0.004942, "0.43": 0.004944, "0.44": 0.004945, "0.47": 0.004559, "0.5": 0.004221, "0.53": 0.003923, "0.56": 0.003658, "0.59": 0.003421, "0.62": 0.003208, "0.65": 0.003015, "0.66": 0.003039, "0.67": 0.003027, "0.68": 0.00305, "0.69": 0.003095, "0.7": 0.003139, "0.71": 0.00316, "0.72": 0.003201, "0.75": 0.003062, "0.76": 0.00305, "0.77": 0.003091, "0.78": 0.003132, "0.79": 0.003152, "0.8": 0.00319, "0.81": 0.003227, "0.82": 0.003246, "0.83": 0.003281, "0.84": 0.003298, "0.86": 0.003218, "0.87": 0.003187, "0.88": 0.003222, "0.9": 0.003129, "0.93": 0.002983, "0.96": 0.002847, "0.97": 0.002867, "0.98": 0.002906, "0.99": 0.002944, "1.0": 0.002962}