{"0.03": 0.000163, "0.04": 0.000129, "0.05": 0.000101, "0.06": 8.6e-05, "0.07": 7.2e-05, "0.08": 6.4e-05, "0.09": 5.6e-05, "0.1": 5.1e-05, "0.11": 4.5e-05, "0.12": 4.2e-05, "0.13": 3.8e-05, "0.14": 3.5e-05, "0.15": 3.2e-05, "0.16": 3e-05, "0.17": 2.8e-05, "0.18": 2.7e-05, "0.19": 2.5e-05, "0.2": 2.4e-05, "0.21": 2.2e-05, "0.22": 2.1e-05, "0.23": 2e-05, "0.24": 1.9e-05, "0.25": 1.8e-05, "0.26": 1.7e-05, "0.27": 1.7e-05, "0.28": 1.6e-05, "0.29": 1.5e-05, "0.3": 1.4e-05, "0.31": 1.4e-05, "0.32": 1.3e-05, "0.33": 1.3e-05, "0.34": 1.2e-05, "0.35": 1.2e-05, "0.36": 1.1e-05, "0.37": 1.1e-05, "0.38": 1.1e-05, "0.39": 1e-05, "0.4": 1e-05, "0.41": 1e-05, "0.42": 0.000961, "0.43": 0.000425, "0.44": 0.000766, "0.45": 0.000875, "0.46": 0.000844, "0.47": 0.000821, "0.48": 0.000793, "0.49": 0.000772, "0.5": 0.000746, "0.51": 0.000727, "0.52": 0.000703, "0.53": 0.000686, "0.54": 0.000664, "0.55": 0.000648, "0.56": 0.000627, "0.57": 0.000613, "0.58": 0.000594, "0.59": 0.00058, "0.6": 0.000562, "0.61": 0.00055, "0.62": 0.000533, "0.63": 0.000521, "0.64": 0.000506, "0.65": 0.000495, "0.66": 0.000481, "0.67": 0.00047, "0.68": 0.000457, "0.69": 0.000447, "0.7": 0.000435, "0.71": 0.000426, "0.72": 0.000414, "0.73": 0.000405, "0.74": 0.000394, "0.75": 0.000386, "0.76": 0.000379, "0.77": 0.000368, "0.78": 0.000361, "0.79": 0.000352, "0.8": 0.000345, "0.81": 0.000336, "0.82": 0.000329, "0.83": 0.000321, "0.84": 0.000314, "0.85": 0.000306, "0.86": 0.0003, "0.87": 0.000293, "0.88": 0.000287, "0.89": 0.00028, "0.9": 0.000275, "0.91": 0.000268, "0.92": 0.000263, "0.93": 0.000257, "0.94": 0.000252, "0.95": 0.000246, "0.96": 0.000241, "0.97": 0.000235, "0.98": 0.000231, "0.99": 0.000225, "1.0": 0.000223}